13; 47; 37.209; 0.025;-0.070; 2.915; 1.396;
13; 47; 37.209; 0.075;-0.070; 2.915; 1.396;
13; 47; 37.209; 0.125;-0.070; 2.915; 1.397;
13; 47; 37.209; 0.175;-0.070; 2.915; 1.397;
13; 47; 37.209; 0.225;-0.070; 2.915; 1.398;
13; 47; 37.209; 0.275;-0.070; 2.915; 1.398;
13; 47; 37.209; 0.325;-0.070; 2.915; 1.396;
13; 47; 37.209; 0.375;-0.070; 2.915; 1.396;
13; 47; 37.209; 0.425;-0.070; 2.915; 1.398;
13; 47; 37.209; 0.475;-0.070; 2.915; 1.398;
13; 47; 37.209; 0.525;-0.070; 2.915; 1.397;
13; 47; 37.209; 0.575;-0.070; 2.915; 1.397;
13; 47; 37.209; 0.625;-0.070; 2.915; 1.397;
13; 47; 37.209; 0.675;-0.070; 2.915; 1.397;
13; 47; 37.209; 0.725;-0.070; 2.915; 1.396;
13; 47; 37.209; 0.775;-0.070; 2.915; 1.396;
13; 47; 37.209; 0.825;-0.070; 2.915; 1.398;
13; 47; 37.209; 0.875;-0.070; 2.915; 1.398;
13; 47; 37.209; 0.925;-0.070; 2.915; 1.398;
13; 47; 37.209; 0.975;-0.070; 2.915; 1.398;
13; 47; 37.209; 1.025;-0.070; 2.915; 1.397;
13; 47; 37.209; 1.075;-0.070; 2.915; 1.397;
13; 47; 37.209; 1.125;-0.070; 2.915; 1.397;
13; 47; 37.209; 1.175;-0.070; 2.915; 1.397;
13; 47; 37.209; 1.225;-0.070; 2.915; 1.397;
13; 47; 37.209; 1.275;-0.070; 2.915; 1.397;
13; 47; 37.209; 1.325;-0.070; 2.915; 1.397;
13; 47; 37.209; 1.375;-0.070; 2.915; 1.397;
13; 47; 37.209; 1.425;-0.070; 2.915; 1.396;
13; 47; 37.209; 1.475;-0.070; 2.914; 1.396;
13; 47; 37.913; 0.025;-0.090; 2.915; 1.397;
13; 47; 37.913; 0.075;-0.090; 2.915; 1.397;
13; 47; 37.913; 0.125;-0.090; 2.914; 1.397;
13; 47; 37.913; 0.175;-0.090; 2.915; 1.397;
13; 47; 37.913; 0.225;-0.090; 2.915; 1.398;
13; 47; 37.913; 0.275;-0.090; 2.915; 1.398;
13; 47; 37.913; 0.325;-0.090; 2.915; 1.398;
13; 47; 37.913; 0.375;-0.090; 2.915; 1.398;
13; 47; 37.913; 0.425;-0.090; 2.914; 1.397;
13; 47; 37.913; 0.475;-0.090; 2.914; 1.397;
13; 47; 37.913; 0.525;-0.090; 2.915; 1.398;
13; 47; 37.913; 0.575;-0.090; 2.915; 1.398;
13; 47; 37.913; 0.625;-0.090; 2.915; 1.399;
13; 47; 37.913; 0.675;-0.090; 2.915; 1.399;
13; 47; 37.913; 0.725;-0.090; 2.915; 1.397;
13; 47; 37.913; 0.775;-0.090; 2.915; 1.397;
13; 47; 37.913; 0.825;-0.090; 2.915; 1.397;
13; 47; 37.913; 0.875;-0.090; 2.915; 1.397;
13; 47; 37.913; 0.925;-0.090; 2.915; 1.397;
13; 47; 37.913; 0.975;-0.090; 2.915; 1.397;
13; 47; 37.913; 1.025;-0.090; 2.915; 1.398;
13; 47; 37.913; 1.075;-0.090; 2.915; 1.398;
13; 47; 37.913; 1.125;-0.090; 2.915; 1.397;
13; 47; 37.913; 1.175;-0.090; 2.914; 1.397;
13; 47; 37.913; 1.225;-0.090; 2.915; 1.398;
13; 47; 37.913; 1.275;-0.090; 2.915; 1.398;
13; 47; 37.913; 1.325;-0.090; 2.914; 1.397;
13; 47; 37.913; 1.375;-0.090; 2.915; 1.397;
13; 47; 37.913; 1.425;-0.090; 2.914; 1.397;
13; 47; 37.913; 1.475;-0.090; 2.915; 1.397;
13; 47; 39.807; 0.025; 0.020; 2.915; 1.398;
13; 47; 39.807; 0.075; 0.020; 2.915; 1.398;
13; 47; 39.807; 0.125; 0.020; 2.915; 1.397;
13; 47; 39.807; 0.175; 0.020; 2.915; 1.397;
13; 47; 39.807; 0.225; 0.020; 2.915; 1.397;
13; 47; 39.807; 0.275; 0.020; 2.915; 1.397;
13; 47; 39.807; 0.325; 0.020; 2.915; 1.397;
13; 47; 39.807; 0.375; 0.020; 2.915; 1.397;
13; 47; 39.807; 0.425; 0.020; 2.915; 1.396;
13; 47; 39.807; 0.475; 0.020; 2.915; 1.396;
13; 47; 39.807; 0.525; 0.020; 2.915; 1.398;
13; 47; 39.807; 0.575; 0.020; 2.915; 1.398;
13; 47; 39.807; 0.625; 0.020; 2.915; 1.397;
13; 47; 39.807; 0.675; 0.020; 2.915; 1.397;
13; 47; 39.807; 0.725; 0.020; 2.915; 1.397;
13; 47; 39.807; 0.775; 0.020; 2.916; 1.397;
13; 47; 39.807; 0.825; 0.020; 2.915; 1.397;
13; 47; 39.807; 0.875; 0.020; 2.915; 1.397;
13; 47; 39.807; 0.925; 0.020; 2.914; 1.398;
13; 47; 39.807; 0.975; 0.020; 2.915; 1.398;
13; 47; 39.807; 1.025; 0.020; 2.915; 1.396;
13; 47; 39.807; 1.075; 0.020; 2.914; 1.396;
13; 47; 39.807; 1.125; 0.020; 2.915; 1.397;
13; 47; 39.807; 1.175; 0.020; 2.915; 1.397;
13; 47; 39.807; 1.225; 0.020; 2.915; 1.398;
13; 47; 39.807; 1.275; 0.020; 2.915; 1.398;
13; 47; 39.807; 1.325; 0.020; 2.916; 1.397;
13; 47; 39.807; 1.375; 0.020; 2.915; 1.397;
13; 47; 39.807; 1.425; 0.020; 2.914; 1.397;
13; 47; 39.807; 1.475; 0.020; 2.916; 1.397;
13; 47; 41.460; 0.025;-0.020; 2.915; 1.397;
13; 47; 41.460; 0.075;-0.020; 2.914; 1.397;
13; 47; 41.460; 0.125;-0.020; 2.915; 1.398;
13; 47; 41.460; 0.175;-0.020; 2.915; 1.398;
13; 47; 41.460; 0.225;-0.020; 2.915; 1.398;
13; 47; 41.460; 0.275;-0.020; 2.915; 1.398;
13; 47; 41.460; 0.325;-0.020; 2.915; 1.397;
13; 47; 41.460; 0.375;-0.020; 2.914; 1.397;
13; 47; 41.460; 0.425;-0.020; 2.914; 1.398;
13; 47; 41.460; 0.475;-0.020; 2.915; 1.398;
13; 47; 41.460; 0.525;-0.020; 2.915; 1.398;
13; 47; 41.460; 0.575;-0.020; 2.915; 1.398;
13; 47; 41.460; 0.625;-0.020; 2.915; 1.397;
13; 47; 41.460; 0.675;-0.020; 2.915; 1.397;
13; 47; 41.460; 0.725;-0.020; 2.915; 1.398;
13; 47; 41.460; 0.775;-0.020; 2.914; 1.398;
13; 47; 41.460; 0.825;-0.020; 2.915; 1.397;
13; 47; 41.460; 0.875;-0.020; 2.915; 1.397;
13; 47; 41.460; 0.925;-0.020; 2.915; 1.397;
13; 47; 41.460; 0.975;-0.020; 2.915; 1.397;
13; 47; 41.460; 1.025;-0.020; 2.915; 1.398;
13; 47; 41.460; 1.075;-0.020; 2.916; 1.398;
13; 47; 41.460; 1.125;-0.020; 2.915; 1.396;
13; 47; 41.460; 1.175;-0.020; 2.915; 1.396;
13; 47; 41.460; 1.225;-0.020; 2.915; 1.397;
13; 47; 41.460; 1.275;-0.020; 2.915; 1.397;
13; 47; 41.460; 1.325;-0.020; 2.915; 1.396;
13; 47; 41.460; 1.375;-0.020; 2.915; 1.396;
13; 47; 41.460; 1.425;-0.020; 2.915; 1.395;
13; 47; 41.460; 1.475;-0.020; 2.915; 1.395;
13; 47; 43.378; 0.025; 0.000; 2.914; 1.398;
13; 47; 43.378; 0.075; 0.000; 2.915; 1.398;
13; 47; 43.378; 0.125; 0.000; 2.915; 1.397;
13; 47; 43.378; 0.175; 0.000; 2.915; 1.397;
13; 47; 43.378; 0.225; 0.000; 2.915; 1.396;
13; 47; 43.378; 0.275; 0.000; 2.915; 1.396;
13; 47; 43.378; 0.325; 0.000; 2.915; 1.397;
13; 47; 43.378; 0.375; 0.000; 2.915; 1.397;
13; 47; 43.378; 0.425; 0.000; 2.915; 1.397;
13; 47; 43.378; 0.475; 0.000; 2.915; 1.397;
13; 47; 43.378; 0.525; 0.000; 2.915; 1.397;
13; 47; 43.378; 0.575; 0.000; 2.915; 1.397;
13; 47; 43.378; 0.625; 0.000; 2.915; 1.397;
13; 47; 43.378; 0.675; 0.000; 2.915; 1.397;
13; 47; 43.378; 0.725; 0.000; 2.914; 1.397;
13; 47; 43.378; 0.775; 0.000; 2.915; 1.397;
13; 47; 43.378; 0.825; 0.000; 2.915; 1.396;
13; 47; 43.378; 0.875; 0.000; 2.914; 1.396;
13; 47; 43.378; 0.925; 0.000; 2.915; 1.397;
13; 47; 43.378; 0.975; 0.000; 2.915; 1.397;
13; 47; 43.378; 1.025; 0.000; 2.915; 1.397;
13; 47; 43.378; 1.075; 0.000; 2.915; 1.397;
13; 47; 43.378; 1.125; 0.000; 2.915; 1.397;
13; 47; 43.378; 1.175; 0.000; 2.915; 1.397;
13; 47; 43.378; 1.225; 0.000; 2.915; 1.397;
13; 47; 43.378; 1.275; 0.000; 2.915; 1.397;
13; 47; 43.378; 1.325; 0.000; 2.915; 1.397;
13; 47; 43.378; 1.375; 0.000; 2.915; 1.397;
13; 47; 43.378; 1.425; 0.000; 2.915; 1.397;
13; 47; 43.378; 1.475; 0.000; 2.915; 1.397;
13; 47; 45.071; 0.025;-0.020; 2.915; 1.397;
13; 47; 45.071; 0.075;-0.020; 2.914; 1.397;
13; 47; 45.071; 0.125;-0.020; 2.915; 1.397;
13; 47; 45.071; 0.175;-0.020; 2.915; 1.397;
13; 47; 45.071; 0.225;-0.020; 2.914; 1.398;
13; 47; 45.071; 0.275;-0.020; 2.915; 1.398;
13; 47; 45.071; 0.325;-0.020; 2.914; 1.398;
13; 47; 45.071; 0.375;-0.020; 2.915; 1.398;
13; 47; 45.071; 0.425;-0.020; 2.915; 1.397;
13; 47; 45.071; 0.475;-0.020; 2.915; 1.397;
13; 47; 45.071; 0.525;-0.020; 2.915; 1.397;
13; 47; 45.071; 0.575;-0.020; 2.915; 1.397;
13; 47; 45.071; 0.625;-0.020; 2.915; 1.397;
13; 47; 45.071; 0.675;-0.020; 2.915; 1.397;
13; 47; 45.071; 0.725;-0.020; 2.915; 1.397;
13; 47; 45.071; 0.775;-0.020; 2.915; 1.397;
13; 47; 45.071; 0.825;-0.020; 2.915; 1.397;
13; 47; 45.071; 0.875;-0.020; 2.915; 1.397;
13; 47; 45.071; 0.925;-0.020; 2.915; 1.398;
13; 47; 45.071; 0.975;-0.020; 2.915; 1.398;
13; 47; 45.071; 1.025;-0.020; 2.915; 1.397;
13; 47; 45.071; 1.075;-0.020; 2.915; 1.397;
13; 47; 45.071; 1.125;-0.020; 2.915; 1.398;
13; 47; 45.071; 1.175;-0.020; 2.915; 1.398;
13; 47; 45.071; 1.225;-0.020; 2.914; 1.398;
13; 47; 45.071; 1.275;-0.020; 2.915; 1.398;
13; 47; 45.071; 1.325;-0.020; 2.915; 1.397;
13; 47; 45.071; 1.375;-0.020; 2.915; 1.397;
13; 47; 45.071; 1.425;-0.020; 2.915; 1.397;
13; 47; 45.071; 1.475;-0.020; 2.915; 1.397;
13; 47; 46.786; 0.025; 0.000; 2.915; 1.397;
13; 47; 46.786; 0.075; 0.000; 2.915; 1.397;
13; 47; 46.786; 0.125; 0.000; 2.915; 1.397;
13; 47; 46.786; 0.175; 0.000; 2.915; 1.397;
13; 47; 46.786; 0.225; 0.000; 2.915; 1.397;
13; 47; 46.786; 0.275; 0.000; 2.915; 1.397;
13; 47; 46.786; 0.325; 0.000; 2.916; 1.397;
13; 47; 46.786; 0.375; 0.000; 2.915; 1.397;
13; 47; 46.786; 0.425; 0.000; 2.915; 1.397;
13; 47; 46.786; 0.475; 0.000; 2.915; 1.397;
13; 47; 46.786; 0.525; 0.000; 2.915; 1.397;
13; 47; 46.786; 0.575; 0.000; 2.916; 1.397;
13; 47; 46.786; 0.625; 0.000; 2.915; 1.397;
13; 47; 46.786; 0.675; 0.000; 2.915; 1.397;
13; 47; 46.786; 0.725; 0.000; 2.915; 1.397;
13; 47; 46.786; 0.775; 0.000; 2.915; 1.397;
13; 47; 46.786; 0.825; 0.000; 2.915; 1.397;
13; 47; 46.786; 0.875; 0.000; 2.915; 1.397;
13; 47; 46.786; 0.925; 0.000; 2.915; 1.398;
13; 47; 46.786; 0.975; 0.000; 2.915; 1.398;
13; 47; 46.786; 1.025; 0.000; 2.915; 1.397;
13; 47; 46.786; 1.075; 0.000; 2.915; 1.397;
13; 47; 46.786; 1.125; 0.000; 2.914; 1.398;
13; 47; 46.786; 1.175; 0.000; 2.915; 1.398;
13; 47; 46.786; 1.225; 0.000; 2.915; 1.398;
13; 47; 46.786; 1.275; 0.000; 2.915; 1.398;
13; 47; 46.786; 1.325; 0.000; 2.915; 1.397;
13; 47; 46.786; 1.375; 0.000; 2.915; 1.397;
13; 47; 46.786; 1.425; 0.000; 2.915; 1.397;
13; 47; 46.786; 1.475; 0.000; 2.915; 1.397;
13; 47; 48.400; 0.025;-0.190; 2.916; 1.397;
13; 47; 48.400; 0.075;-0.190; 2.915; 1.397;
13; 47; 48.400; 0.125;-0.190; 2.915; 1.397;
13; 47; 48.400; 0.175;-0.190; 2.915; 1.397;
13; 47; 48.400; 0.225;-0.190; 2.915; 1.398;
13; 47; 48.400; 0.275;-0.190; 2.915; 1.398;
13; 47; 48.400; 0.325;-0.190; 2.915; 1.398;
13; 47; 48.400; 0.375;-0.190; 2.915; 1.398;
13; 47; 48.400; 0.425;-0.190; 2.916; 1.397;
13; 47; 48.400; 0.475;-0.190; 2.915; 1.397;
13; 47; 48.400; 0.525;-0.190; 2.915; 1.398;
13; 47; 48.400; 0.575;-0.190; 2.914; 1.398;
13; 47; 48.400; 0.625;-0.190; 2.915; 1.397;
13; 47; 48.400; 0.675;-0.190; 2.915; 1.397;
13; 47; 48.400; 0.725;-0.190; 2.915; 1.397;
13; 47; 48.400; 0.775;-0.190; 2.915; 1.397;
13; 47; 48.400; 0.825;-0.190; 2.916; 1.396;
13; 47; 48.400; 0.875;-0.190; 2.915; 1.396;
13; 47; 48.400; 0.925;-0.190; 2.915; 1.397;
13; 47; 48.400; 0.975;-0.190; 2.915; 1.397;
13; 47; 48.400; 1.025;-0.190; 2.915; 1.397;
13; 47; 48.400; 1.075;-0.190; 2.915; 1.397;
13; 47; 48.400; 1.125;-0.190; 2.915; 1.396;
13; 47; 48.400; 1.175;-0.190; 2.915; 1.396;
13; 47; 48.400; 1.225;-0.190; 2.915; 1.396;
13; 47; 48.400; 1.275;-0.190; 2.916; 1.396;
13; 47; 48.400; 1.325;-0.190; 2.915; 1.397;
13; 47; 48.400; 1.375;-0.190; 2.915; 1.397;
13; 47; 48.400; 1.425;-0.190; 2.915; 1.397;
13; 47; 48.400; 1.475;-0.190; 2.915; 1.397;
13; 47; 50.010; 0.025;-0.090; 2.915; 1.397;
13; 47; 50.010; 0.075;-0.090; 2.915; 1.397;
13; 47; 50.010; 0.125;-0.090; 2.915; 1.396;
13; 47; 50.010; 0.175;-0.090; 2.915; 1.396;
13; 47; 50.010; 0.225;-0.090; 2.916; 1.397;
13; 47; 50.010; 0.275;-0.090; 2.915; 1.397;
13; 47; 50.010; 0.325;-0.090; 2.915; 1.398;
13; 47; 50.010; 0.375;-0.090; 2.915; 1.398;
13; 47; 50.010; 0.425;-0.090; 2.915; 1.398;
13; 47; 50.010; 0.475;-0.090; 2.915; 1.398;
13; 47; 50.010; 0.525;-0.090; 2.915; 1.397;
13; 47; 50.010; 0.575;-0.090; 2.914; 1.397;
13; 47; 50.010; 0.625;-0.090; 2.915; 1.398;
13; 47; 50.010; 0.675;-0.090; 2.916; 1.398;
13; 47; 50.010; 0.725;-0.090; 2.915; 1.397;
13; 47; 50.010; 0.775;-0.090; 2.915; 1.397;
13; 47; 50.010; 0.825;-0.090; 2.914; 1.397;
13; 47; 50.010; 0.875;-0.090; 2.915; 1.397;
13; 47; 50.010; 0.925;-0.090; 2.915; 1.397;
13; 47; 50.010; 0.975;-0.090; 2.915; 1.397;
13; 47; 50.010; 1.025;-0.090; 2.916; 1.397;
13; 47; 50.010; 1.075;-0.090; 2.915; 1.397;
13; 47; 50.010; 1.125;-0.090; 2.915; 1.397;
13; 47; 50.010; 1.175;-0.090; 2.915; 1.397;
13; 47; 50.010; 1.225;-0.090; 2.915; 1.398;
13; 47; 50.010; 1.275;-0.090; 2.915; 1.398;
13; 47; 50.010; 1.325;-0.090; 2.914; 1.397;
13; 47; 50.010; 1.375;-0.090; 2.915; 1.397;
13; 47; 50.010; 1.425;-0.090; 2.915; 1.396;
13; 47; 50.010; 1.475;-0.090; 2.915; 1.396;
13; 47; 51.609; 0.025;-0.040; 2.915; 1.398;
13; 47; 51.609; 0.075;-0.040; 2.914; 1.398;
13; 47; 51.609; 0.125;-0.040; 2.915; 1.397;
13; 47; 51.609; 0.175;-0.040; 2.916; 1.397;
13; 47; 51.609; 0.225;-0.040; 2.915; 1.397;
13; 47; 51.609; 0.275;-0.040; 2.915; 1.397;
13; 47; 51.609; 0.325;-0.040; 2.915; 1.397;
13; 47; 51.609; 0.375;-0.040; 2.915; 1.397;
13; 47; 51.609; 0.425;-0.040; 2.915; 1.398;
13; 47; 51.609; 0.475;-0.040; 2.915; 1.398;
13; 47; 51.609; 0.525;-0.040; 2.915; 1.397;
13; 47; 51.609; 0.575;-0.040; 2.915; 1.397;
13; 47; 51.609; 0.625;-0.040; 2.915; 1.397;
13; 47; 51.609; 0.675;-0.040; 2.915; 1.397;
13; 47; 51.609; 0.725;-0.040; 2.915; 1.398;
13; 47; 51.609; 0.775;-0.040; 2.915; 1.398;
13; 47; 51.609; 0.825;-0.040; 2.915; 1.398;
13; 47; 51.609; 0.875;-0.040; 2.915; 1.398;
13; 47; 51.609; 0.925;-0.040; 2.916; 1.397;
13; 47; 51.609; 0.975;-0.040; 2.916; 1.397;
13; 47; 51.609; 1.025;-0.040; 2.915; 1.398;
13; 47; 51.609; 1.075;-0.040; 2.915; 1.398;
13; 47; 51.609; 1.125;-0.040; 2.915; 1.398;
13; 47; 51.609; 1.175;-0.040; 2.915; 1.398;
13; 47; 51.609; 1.225;-0.040; 2.915; 1.397;
13; 47; 51.609; 1.275;-0.040; 2.915; 1.397;
13; 47; 51.609; 1.325;-0.040; 2.915; 1.397;
13; 47; 51.609; 1.375;-0.040; 2.915; 1.397;
13; 47; 51.609; 1.425;-0.040; 2.916; 1.398;
13; 47; 51.609; 1.475;-0.040; 2.915; 1.398;
13; 47; 53.217; 0.025;-0.140; 2.915; 1.396;
13; 47; 53.217; 0.075;-0.140; 2.915; 1.396;
13; 47; 53.217; 0.125;-0.140; 2.915; 1.396;
13; 47; 53.217; 0.175;-0.140; 2.915; 1.396;
13; 47; 53.217; 0.225;-0.140; 2.915; 1.398;
13; 47; 53.217; 0.275;-0.140; 2.915; 1.398;
13; 47; 53.217; 0.325;-0.140; 2.915; 1.397;
13; 47; 53.217; 0.375;-0.140; 2.915; 1.397;
13; 47; 53.217; 0.425;-0.140; 2.916; 1.397;
13; 47; 53.217; 0.475;-0.140; 2.915; 1.397;
13; 47; 53.217; 0.525;-0.140; 2.915; 1.397;
13; 47; 53.217; 0.575;-0.140; 2.915; 1.397;
13; 47; 53.217; 0.625;-0.140; 2.915; 1.398;
13; 47; 53.217; 0.675;-0.140; 2.915; 1.398;
13; 47; 53.217; 0.725;-0.140; 2.915; 1.396;
13; 47; 53.217; 0.775;-0.140; 2.915; 1.396;
13; 47; 53.217; 0.825;-0.140; 2.916; 1.398;
13; 47; 53.217; 0.875;-0.140; 2.915; 1.398;
13; 47; 53.217; 0.925;-0.140; 2.915; 1.397;
13; 47; 53.217; 0.975;-0.140; 2.915; 1.397;
13; 47; 53.217; 1.025;-0.140; 2.915; 1.396;
13; 47; 53.217; 1.075;-0.140; 2.915; 1.396;
13; 47; 53.217; 1.125;-0.140; 2.915; 1.397;
13; 47; 53.217; 1.175;-0.140; 2.915; 1.397;
13; 47; 53.217; 1.225;-0.140; 2.915; 1.397;
13; 47; 53.217; 1.275;-0.140; 2.915; 1.397;
13; 47; 53.217; 1.325;-0.140; 2.915; 1.397;
13; 47; 53.217; 1.375;-0.140; 2.915; 1.397;
13; 47; 53.217; 1.425;-0.140; 2.915; 1.397;
13; 47; 53.217; 1.475;-0.140; 2.915; 1.397;
13; 47; 54.813; 0.025;-0.070; 2.915; 1.397;
13; 47; 54.813; 0.075;-0.070; 2.915; 1.397;
13; 47; 54.813; 0.125;-0.070; 2.915; 1.397;
13; 47; 54.813; 0.175;-0.070; 2.915; 1.397;
13; 47; 54.813; 0.225;-0.070; 2.915; 1.397;
13; 47; 54.813; 0.275;-0.070; 2.915; 1.397;
13; 47; 54.813; 0.325;-0.070; 2.915; 1.397;
13; 47; 54.813; 0.375;-0.070; 2.914; 1.397;
13; 47; 54.813; 0.425;-0.070; 2.915; 1.397;
13; 47; 54.813; 0.475;-0.070; 2.915; 1.397;
13; 47; 54.813; 0.525;-0.070; 2.915; 1.397;
13; 47; 54.813; 0.575;-0.070; 2.915; 1.397;
13; 47; 54.813; 0.625;-0.070; 2.915; 1.396;
13; 47; 54.813; 0.675;-0.070; 2.915; 1.396;
13; 47; 54.813; 0.725;-0.070; 2.915; 1.398;
13; 47; 54.813; 0.775;-0.070; 2.915; 1.398;
13; 47; 54.813; 0.825;-0.070; 2.915; 1.397;
13; 47; 54.813; 0.875;-0.070; 2.915; 1.397;
13; 47; 54.813; 0.925;-0.070; 2.915; 1.397;
13; 47; 54.813; 0.975;-0.070; 2.915; 1.397;
13; 47; 54.813; 1.025;-0.070; 2.915; 1.397;
13; 47; 54.813; 1.075;-0.070; 2.915; 1.397;
13; 47; 54.813; 1.125;-0.070; 2.915; 1.398;
13; 47; 54.813; 1.175;-0.070; 2.915; 1.398;
13; 47; 54.813; 1.225;-0.070; 2.915; 1.398;
13; 47; 54.813; 1.275;-0.070; 2.914; 1.398;
13; 47; 54.813; 1.325;-0.070; 2.915; 1.397;
13; 47; 54.813; 1.375;-0.070; 2.915; 1.397;
13; 47; 54.813; 1.425;-0.070; 2.915; 1.397;
13; 47; 54.813; 1.475;-0.070; 2.915; 1.397;
13; 47; 56.409; 0.025; 0.000; 2.915; 1.397;
13; 47; 56.409; 0.075; 0.000; 2.915; 1.397;
13; 47; 56.409; 0.125; 0.000; 2.915; 1.398;
13; 47; 56.409; 0.175; 0.000; 2.916; 1.398;
13; 47; 56.409; 0.225; 0.000; 2.915; 1.396;
13; 47; 56.409; 0.275; 0.000; 2.915; 1.396;
13; 47; 56.409; 0.325; 0.000; 2.915; 1.398;
13; 47; 56.409; 0.375; 0.000; 2.915; 1.398;
13; 47; 56.409; 0.425; 0.000; 2.915; 1.398;
13; 47; 56.409; 0.475; 0.000; 2.915; 1.398;
13; 47; 56.409; 0.525; 0.000; 2.916; 1.397;
13; 47; 56.409; 0.575; 0.000; 2.915; 1.397;
13; 47; 56.409; 0.625; 0.000; 2.915; 1.396;
13; 47; 56.409; 0.675; 0.000; 2.915; 1.396;
13; 47; 56.409; 0.725; 0.000; 2.915; 1.397;
13; 47; 56.409; 0.775; 0.000; 2.915; 1.397;
13; 47; 56.409; 0.825; 0.000; 2.915; 1.398;
13; 47; 56.409; 0.875; 0.000; 2.916; 1.398;
13; 47; 56.409; 0.925; 0.000; 2.915; 1.397;
13; 47; 56.409; 0.975; 0.000; 2.916; 1.397;
13; 47; 56.409; 1.025; 0.000; 2.915; 1.397;
13; 47; 56.409; 1.075; 0.000; 2.915; 1.397;
13; 47; 56.409; 1.125; 0.000; 2.916; 1.396;
13; 47; 56.409; 1.175; 0.000; 2.915; 1.396;
13; 47; 56.409; 1.225; 0.000; 2.916; 1.398;
13; 47; 56.409; 1.275; 0.000; 2.915; 1.398;
13; 47; 56.409; 1.325; 0.000; 2.915; 1.397;
13; 47; 56.409; 1.375; 0.000; 2.915; 1.397;
13; 47; 56.409; 1.425; 0.000; 2.916; 1.396;
13; 47; 56.409; 1.475; 0.000; 2.915; 1.396;
13; 47; 58.004; 0.025;-0.190; 2.915; 1.397;
13; 47; 58.004; 0.075;-0.190; 2.915; 1.397;
13; 47; 58.004; 0.125;-0.190; 2.915; 1.396;
13; 47; 58.004; 0.175;-0.190; 2.914; 1.396;
13; 47; 58.004; 0.225;-0.190; 2.916; 1.397;
13; 47; 58.004; 0.275;-0.190; 2.916; 1.397;
13; 47; 58.004; 0.325;-0.190; 2.915; 1.398;
13; 47; 58.004; 0.375;-0.190; 2.915; 1.398;
13; 47; 58.004; 0.425;-0.190; 2.915; 1.397;
13; 47; 58.004; 0.475;-0.190; 2.915; 1.397;
13; 47; 58.004; 0.525;-0.190; 2.915; 1.398;
13; 47; 58.004; 0.575;-0.190; 2.915; 1.398;
13; 47; 58.004; 0.625;-0.190; 2.915; 1.396;
13; 47; 58.004; 0.675;-0.190; 2.915; 1.396;
13; 47; 58.004; 0.725;-0.190; 2.916; 1.397;
13; 47; 58.004; 0.775;-0.190; 2.914; 1.397;
13; 47; 58.004; 0.825;-0.190; 2.915; 1.398;
13; 47; 58.004; 0.875;-0.190; 2.915; 1.398;
13; 47; 58.004; 0.925;-0.190; 2.915; 1.398;
13; 47; 58.004; 0.975;-0.190; 2.914; 1.398;
13; 47; 58.004; 1.025;-0.190; 2.916; 1.397;
13; 47; 58.004; 1.075;-0.190; 2.915; 1.397;
13; 47; 58.004; 1.125;-0.190; 2.915; 1.397;
13; 47; 58.004; 1.175;-0.190; 2.915; 1.397;
13; 47; 58.004; 1.225;-0.190; 2.915; 1.399;
13; 47; 58.004; 1.275;-0.190; 2.915; 1.399;
13; 47; 58.004; 1.325;-0.190; 2.915; 1.398;
13; 47; 58.004; 1.375;-0.190; 2.915; 1.398;
13; 47; 58.004; 1.425;-0.190; 2.915; 1.398;
13; 47; 58.004; 1.475;-0.190; 2.915; 1.398;
13; 47; 59.600; 0.025;-0.170; 2.915; 1.398;
13; 47; 59.600; 0.075;-0.170; 2.915; 1.398;
13; 47; 59.600; 0.125;-0.170; 2.915; 1.397;
13; 47; 59.600; 0.175;-0.170; 2.915; 1.397;
13; 47; 59.600; 0.225;-0.170; 2.915; 1.397;
13; 47; 59.600; 0.275;-0.170; 2.915; 1.397;
13; 47; 59.600; 0.325;-0.170; 2.915; 1.397;
13; 47; 59.600; 0.375;-0.170; 2.915; 1.397;
13; 47; 59.600; 0.425;-0.170; 2.915; 1.397;
13; 47; 59.600; 0.475;-0.170; 2.915; 1.397;
13; 47; 59.600; 0.525;-0.170; 2.915; 1.397;
13; 47; 59.600; 0.575;-0.170; 2.915; 1.397;
13; 47; 59.600; 0.625;-0.170; 2.915; 1.397;
13; 47; 59.600; 0.675;-0.170; 2.915; 1.397;
13; 47; 59.600; 0.725;-0.170; 2.915; 1.397;
13; 47; 59.600; 0.775;-0.170; 2.915; 1.397;
13; 47; 59.600; 0.825;-0.170; 2.916; 1.397;
13; 47; 59.600; 0.875;-0.170; 2.915; 1.397;
13; 47; 59.600; 0.925;-0.170; 2.915; 1.398;
13; 47; 59.600; 0.975;-0.170; 2.915; 1.398;
13; 47; 59.600; 1.025;-0.170; 2.914; 1.398;
13; 47; 59.600; 1.075;-0.170; 2.915; 1.398;
13; 47; 59.600; 1.125;-0.170; 2.916; 1.398;
13; 47; 59.600; 1.175;-0.170; 2.915; 1.398;
13; 47; 59.600; 1.225;-0.170; 2.915; 1.397;
13; 47; 59.600; 1.275;-0.170; 2.915; 1.397;
13; 47; 59.600; 1.325;-0.170; 2.915; 1.398;
13; 47; 59.600; 1.375;-0.170; 2.916; 1.398;
13; 47; 59.600; 1.425;-0.170; 2.915; 1.398;
13; 47; 59.600; 1.475;-0.170; 2.915; 1.398;
13; 48; 1.195; 0.025;-0.090; 2.915; 1.397;
13; 48; 1.195; 0.075;-0.090; 2.915; 1.397;
13; 48; 1.195; 0.125;-0.090; 2.915; 1.398;
13; 48; 1.195; 0.175;-0.090; 2.915; 1.398;
13; 48; 1.195; 0.225;-0.090; 2.915; 1.398;
13; 48; 1.195; 0.275;-0.090; 2.915; 1.398;
13; 48; 1.195; 0.325;-0.090; 2.915; 1.398;
13; 48; 1.195; 0.375;-0.090; 2.915; 1.398;
13; 48; 1.195; 0.425;-0.090; 2.915; 1.396;
13; 48; 1.195; 0.475;-0.090; 2.915; 1.396;
13; 48; 1.195; 0.525;-0.090; 2.915; 1.397;
13; 48; 1.195; 0.575;-0.090; 2.915; 1.397;
13; 48; 1.195; 0.625;-0.090; 2.915; 1.398;
13; 48; 1.195; 0.675;-0.090; 2.914; 1.398;
13; 48; 1.195; 0.725;-0.090; 2.916; 1.397;
13; 48; 1.195; 0.775;-0.090; 2.915; 1.397;
13; 48; 1.195; 0.825;-0.090; 2.914; 1.397;
13; 48; 1.195; 0.875;-0.090; 2.914; 1.397;
13; 48; 1.195; 0.925;-0.090; 2.915; 1.398;
13; 48; 1.195; 0.975;-0.090; 2.915; 1.398;
13; 48; 1.195; 1.025;-0.090; 2.915; 1.396;
13; 48; 1.195; 1.075;-0.090; 2.915; 1.396;
13; 48; 1.195; 1.125;-0.090; 2.914; 1.397;
13; 48; 1.195; 1.175;-0.090; 2.915; 1.397;
13; 48; 1.195; 1.225;-0.090; 2.916; 1.397;
13; 48; 1.195; 1.275;-0.090; 2.915; 1.397;
13; 48; 1.195; 1.325;-0.090; 2.915; 1.398;
13; 48; 1.195; 1.375;-0.090; 2.915; 1.398;
13; 48; 1.195; 1.425;-0.090; 2.915; 1.397;
13; 48; 1.195; 1.475;-0.090; 2.916; 1.397;
13; 48; 2.790; 0.025;-0.120; 2.915; 1.398;
13; 48; 2.790; 0.075;-0.120; 2.915; 1.398;
13; 48; 2.790; 0.125;-0.120; 2.915; 1.397;
13; 48; 2.790; 0.175;-0.120; 2.915; 1.397;
13; 48; 2.790; 0.225;-0.120; 2.915; 1.398;
13; 48; 2.790; 0.275;-0.120; 2.915; 1.398;
13; 48; 2.790; 0.325;-0.120; 2.915; 1.397;
13; 48; 2.790; 0.375;-0.120; 2.915; 1.397;
13; 48; 2.790; 0.425;-0.120; 2.915; 1.397;
13; 48; 2.790; 0.475;-0.120; 2.916; 1.397;
13; 48; 2.790; 0.525;-0.120; 2.915; 1.398;
13; 48; 2.790; 0.575;-0.120; 2.915; 1.398;
13; 48; 2.790; 0.625;-0.120; 2.915; 1.397;
13; 48; 2.790; 0.675;-0.120; 2.915; 1.397;
13; 48; 2.790; 0.725;-0.120; 2.915; 1.397;
13; 48; 2.790; 0.775;-0.120; 2.916; 1.397;
13; 48; 2.790; 0.825;-0.120; 2.915; 1.398;
13; 48; 2.790; 0.875;-0.120; 2.914; 1.398;
13; 48; 2.790; 0.925;-0.120; 2.915; 1.396;
13; 48; 2.790; 0.975;-0.120; 2.915; 1.396;
13; 48; 2.790; 1.025;-0.120; 2.915; 1.396;
13; 48; 2.790; 1.075;-0.120; 2.915; 1.396;
13; 48; 2.790; 1.125;-0.120; 2.915; 1.396;
13; 48; 2.790; 1.175;-0.120; 2.915; 1.396;
13; 48; 2.790; 1.225;-0.120; 2.915; 1.397;
13; 48; 2.790; 1.275;-0.120; 2.915; 1.397;
13; 48; 2.790; 1.325;-0.120; 2.915; 1.398;
13; 48; 2.790; 1.375;-0.120; 2.915; 1.398;
13; 48; 2.790; 1.425;-0.120; 2.915; 1.398;
13; 48; 2.790; 1.475;-0.120; 2.915; 1.398;
13; 48; 4.386; 0.025; 0.000; 2.916; 1.397;
13; 48; 4.386; 0.075; 0.000; 2.915; 1.397;
13; 48; 4.386; 0.125; 0.000; 2.915; 1.397;
13; 48; 4.386; 0.175; 0.000; 2.915; 1.397;
13; 48; 4.386; 0.225; 0.000; 2.915; 1.397;
13; 48; 4.386; 0.275; 0.000; 2.915; 1.397;
13; 48; 4.386; 0.325; 0.000; 2.915; 1.398;
13; 48; 4.386; 0.375; 0.000; 2.916; 1.398;
13; 48; 4.386; 0.425; 0.000; 2.916; 1.397;
13; 48; 4.386; 0.475; 0.000; 2.915; 1.397;
13; 48; 4.386; 0.525; 0.000; 2.915; 1.396;
13; 48; 4.386; 0.575; 0.000; 2.915; 1.396;
13; 48; 4.386; 0.625; 0.000; 2.915; 1.396;
13; 48; 4.386; 0.675; 0.000; 2.915; 1.396;
13; 48; 4.386; 0.725; 0.000; 2.915; 1.398;
13; 48; 4.386; 0.775; 0.000; 2.914; 1.398;
13; 48; 4.386; 0.825; 0.000; 2.915; 1.396;
13; 48; 4.386; 0.875; 0.000; 2.916; 1.396;
13; 48; 4.386; 0.925; 0.000; 2.915; 1.396;
13; 48; 4.386; 0.975; 0.000; 2.915; 1.396;
13; 48; 4.386; 1.025; 0.000; 2.915; 1.398;
13; 48; 4.386; 1.075; 0.000; 2.915; 1.398;
13; 48; 4.386; 1.125; 0.000; 2.915; 1.397;
13; 48; 4.386; 1.175; 0.000; 2.915; 1.397;
13; 48; 4.386; 1.225; 0.000; 2.915; 1.396;
13; 48; 4.386; 1.275; 0.000; 2.915; 1.396;
13; 48; 4.386; 1.325; 0.000; 2.915; 1.396;
13; 48; 4.386; 1.375; 0.000; 2.915; 1.396;
13; 48; 4.386; 1.425; 0.000; 2.915; 1.398;
13; 48; 4.386; 1.475; 0.000; 2.915; 1.398;
13; 48; 5.981; 0.025;-0.040; 2.915; 1.398;
13; 48; 5.981; 0.075;-0.040; 2.915; 1.398;
13; 48; 5.981; 0.125;-0.040; 2.914; 1.397;
13; 48; 5.981; 0.175;-0.040; 2.915; 1.397;
13; 48; 5.981; 0.225;-0.040; 2.915; 1.396;
13; 48; 5.981; 0.275;-0.040; 2.915; 1.396;
13; 48; 5.981; 0.325;-0.040; 2.915; 1.397;
13; 48; 5.981; 0.375;-0.040; 2.914; 1.397;
13; 48; 5.981; 0.425;-0.040; 2.915; 1.398;
13; 48; 5.981; 0.475;-0.040; 2.915; 1.398;
13; 48; 5.981; 0.525;-0.040; 2.916; 1.397;
13; 48; 5.981; 0.575;-0.040; 2.914; 1.397;
13; 48; 5.981; 0.625;-0.040; 2.915; 1.397;
13; 48; 5.981; 0.675;-0.040; 2.915; 1.397;
13; 48; 5.981; 0.725;-0.040; 2.915; 1.397;
13; 48; 5.981; 0.775;-0.040; 2.915; 1.397;
13; 48; 5.981; 0.825;-0.040; 2.915; 1.396;
13; 48; 5.981; 0.875;-0.040; 2.915; 1.396;
13; 48; 5.981; 0.925;-0.040; 2.915; 1.398;
13; 48; 5.981; 0.975;-0.040; 2.915; 1.398;
13; 48; 5.981; 1.025;-0.040; 2.915; 1.396;
13; 48; 5.981; 1.075;-0.040; 2.915; 1.396;
13; 48; 5.981; 1.125;-0.040; 2.915; 1.398;
13; 48; 5.981; 1.175;-0.040; 2.915; 1.398;
13; 48; 5.981; 1.225;-0.040; 2.915; 1.397;
13; 48; 5.981; 1.275;-0.040; 2.915; 1.397;
13; 48; 5.981; 1.325;-0.040; 2.915; 1.398;
13; 48; 5.981; 1.375;-0.040; 2.915; 1.398;
13; 48; 5.981; 1.425;-0.040; 2.915; 1.398;
13; 48; 5.981; 1.475;-0.040; 2.915; 1.398;
13; 48; 7.578; 0.025;-0.090; 2.915; 1.397;
13; 48; 7.578; 0.075;-0.090; 2.915; 1.397;
13; 48; 7.578; 0.125;-0.090; 2.915; 1.398;
13; 48; 7.578; 0.175;-0.090; 2.915; 1.398;
13; 48; 7.578; 0.225;-0.090; 2.915; 1.398;
13; 48; 7.578; 0.275;-0.090; 2.915; 1.398;
13; 48; 7.578; 0.325;-0.090; 2.915; 1.397;
13; 48; 7.578; 0.375;-0.090; 2.915; 1.397;
13; 48; 7.578; 0.425;-0.090; 2.915; 1.397;
13; 48; 7.578; 0.475;-0.090; 2.915; 1.397;
13; 48; 7.578; 0.525;-0.090; 2.915; 1.397;
13; 48; 7.578; 0.575;-0.090; 2.915; 1.397;
13; 48; 7.578; 0.625;-0.090; 2.914; 1.397;
13; 48; 7.578; 0.675;-0.090; 2.915; 1.397;
13; 48; 7.578; 0.725;-0.090; 2.915; 1.397;
13; 48; 7.578; 0.775;-0.090; 2.915; 1.397;
13; 48; 7.578; 0.825;-0.090; 2.915; 1.396;
13; 48; 7.578; 0.875;-0.090; 2.915; 1.396;
13; 48; 7.578; 0.925;-0.090; 2.915; 1.398;
13; 48; 7.578; 0.975;-0.090; 2.915; 1.398;
13; 48; 7.578; 1.025;-0.090; 2.915; 1.397;
13; 48; 7.578; 1.075;-0.090; 2.915; 1.397;
13; 48; 7.578; 1.125;-0.090; 2.915; 1.397;
13; 48; 7.578; 1.175;-0.090; 2.915; 1.397;
13; 48; 7.578; 1.225;-0.090; 2.915; 1.397;
13; 48; 7.578; 1.275;-0.090; 2.915; 1.397;
13; 48; 7.578; 1.325;-0.090; 2.915; 1.398;
13; 48; 7.578; 1.375;-0.090; 2.914; 1.398;
13; 48; 7.578; 1.425;-0.090; 2.916; 1.398;
13; 48; 7.578; 1.475;-0.090; 2.915; 1.398;
13; 48; 9.173; 0.025;-0.040; 2.915; 1.397;
13; 48; 9.173; 0.075;-0.040; 2.915; 1.397;
13; 48; 9.173; 0.125;-0.040; 2.915; 1.398;
13; 48; 9.173; 0.175;-0.040; 2.915; 1.398;
13; 48; 9.173; 0.225;-0.040; 2.915; 1.397;
13; 48; 9.173; 0.275;-0.040; 2.915; 1.397;
13; 48; 9.173; 0.325;-0.040; 2.915; 1.397;
13; 48; 9.173; 0.375;-0.040; 2.915; 1.397;
13; 48; 9.173; 0.425;-0.040; 2.915; 1.397;
13; 48; 9.173; 0.475;-0.040; 2.915; 1.397;
13; 48; 9.173; 0.525;-0.040; 2.916; 1.397;
13; 48; 9.173; 0.575;-0.040; 2.915; 1.397;
13; 48; 9.173; 0.625;-0.040; 2.915; 1.398;
13; 48; 9.173; 0.675;-0.040; 2.915; 1.398;
13; 48; 9.173; 0.725;-0.040; 2.915; 1.398;
13; 48; 9.173; 0.775;-0.040; 2.915; 1.398;
13; 48; 9.173; 0.825;-0.040; 2.915; 1.398;
13; 48; 9.173; 0.875;-0.040; 2.915; 1.398;
13; 48; 9.173; 0.925;-0.040; 2.916; 1.397;
13; 48; 9.173; 0.975;-0.040; 2.915; 1.397;
13; 48; 9.173; 1.025;-0.040; 2.916; 1.396;
13; 48; 9.173; 1.075;-0.040; 2.915; 1.396;
13; 48; 9.173; 1.125;-0.040; 2.915; 1.397;
13; 48; 9.173; 1.175;-0.040; 2.915; 1.397;
13; 48; 9.173; 1.225;-0.040; 2.916; 1.397;
13; 48; 9.173; 1.275;-0.040; 2.915; 1.397;
13; 48; 9.173; 1.325;-0.040; 2.915; 1.398;
13; 48; 9.173; 1.375;-0.040; 2.916; 1.398;
13; 48; 9.173; 1.425;-0.040; 2.916; 1.398;
13; 48; 9.173; 1.475;-0.040; 2.916; 1.398;
13; 48; 10.769; 0.025;-0.020; 2.915; 1.397;
13; 48; 10.769; 0.075;-0.020; 2.915; 1.397;
13; 48; 10.769; 0.125;-0.020; 2.915; 1.397;
13; 48; 10.769; 0.175;-0.020; 2.915; 1.397;
13; 48; 10.769; 0.225;-0.020; 2.915; 1.398;
13; 48; 10.769; 0.275;-0.020; 2.915; 1.398;
13; 48; 10.769; 0.325;-0.020; 2.915; 1.397;
13; 48; 10.769; 0.375;-0.020; 2.915; 1.397;
13; 48; 10.769; 0.425;-0.020; 2.916; 1.397;
13; 48; 10.769; 0.475;-0.020; 2.915; 1.397;
13; 48; 10.769; 0.525;-0.020; 2.915; 1.397;
13; 48; 10.769; 0.575;-0.020; 2.915; 1.397;
13; 48; 10.769; 0.625;-0.020; 2.915; 1.397;
13; 48; 10.769; 0.675;-0.020; 2.915; 1.397;
13; 48; 10.769; 0.725;-0.020; 2.915; 1.398;
13; 48; 10.769; 0.775;-0.020; 2.915; 1.398;
13; 48; 10.769; 0.825;-0.020; 2.915; 1.395;
13; 48; 10.769; 0.875;-0.020; 2.915; 1.395;
13; 48; 10.769; 0.925;-0.020; 2.915; 1.397;
13; 48; 10.769; 0.975;-0.020; 2.915; 1.397;
13; 48; 10.769; 1.025;-0.020; 2.915; 1.397;
13; 48; 10.769; 1.075;-0.020; 2.915; 1.397;
13; 48; 10.769; 1.125;-0.020; 2.916; 1.398;
13; 48; 10.769; 1.175;-0.020; 2.915; 1.398;
13; 48; 10.769; 1.225;-0.020; 2.916; 1.398;
13; 48; 10.769; 1.275;-0.020; 2.915; 1.398;
13; 48; 10.769; 1.325;-0.020; 2.916; 1.396;
13; 48; 10.769; 1.375;-0.020; 2.915; 1.396;
13; 48; 10.769; 1.425;-0.020; 2.915; 1.398;
13; 48; 10.769; 1.475;-0.020; 2.915; 1.398;
13; 48; 12.366; 0.025; 0.040; 2.915; 1.397;
13; 48; 12.366; 0.075; 0.040; 2.915; 1.397;
13; 48; 12.366; 0.125; 0.040; 2.916; 1.398;
13; 48; 12.366; 0.175; 0.040; 2.916; 1.398;
13; 48; 12.366; 0.225; 0.040; 2.915; 1.396;
13; 48; 12.366; 0.275; 0.040; 2.915; 1.396;
13; 48; 12.366; 0.325; 0.040; 2.915; 1.398;
13; 48; 12.366; 0.375; 0.040; 2.915; 1.398;
13; 48; 12.366; 0.425; 0.040; 2.915; 1.397;
13; 48; 12.366; 0.475; 0.040; 2.915; 1.397;
13; 48; 12.366; 0.525; 0.040; 2.915; 1.397;
13; 48; 12.366; 0.575; 0.040; 2.915; 1.397;
13; 48; 12.366; 0.625; 0.040; 2.915; 1.398;
13; 48; 12.366; 0.675; 0.040; 2.915; 1.398;
13; 48; 12.366; 0.725; 0.040; 2.915; 1.398;
13; 48; 12.366; 0.775; 0.040; 2.916; 1.398;
13; 48; 12.366; 0.825; 0.040; 2.915; 1.396;
13; 48; 12.366; 0.875; 0.040; 2.915; 1.396;
13; 48; 12.366; 0.925; 0.040; 2.915; 1.397;
13; 48; 12.366; 0.975; 0.040; 2.915; 1.397;
13; 48; 12.366; 1.025; 0.040; 2.916; 1.397;
13; 48; 12.366; 1.075; 0.040; 2.915; 1.397;
13; 48; 12.366; 1.125; 0.040; 2.915; 1.397;
13; 48; 12.366; 1.175; 0.040; 2.915; 1.397;
13; 48; 12.366; 1.225; 0.040; 2.915; 1.399;
13; 48; 12.366; 1.275; 0.040; 2.915; 1.399;
13; 48; 12.366; 1.325; 0.040; 2.915; 1.397;
13; 48; 12.366; 1.375; 0.040; 2.915; 1.397;
13; 48; 12.366; 1.425; 0.040; 2.915; 1.397;
13; 48; 12.366; 1.475; 0.040; 2.915; 1.397;
13; 48; 13.969; 0.025; 0.020; 2.915; 1.398;
13; 48; 13.969; 0.075; 0.020; 2.915; 1.398;
13; 48; 13.969; 0.125; 0.020; 2.915; 1.397;
13; 48; 13.969; 0.175; 0.020; 2.915; 1.397;
13; 48; 13.969; 0.225; 0.020; 2.915; 1.397;
13; 48; 13.969; 0.275; 0.020; 2.915; 1.397;
13; 48; 13.969; 0.325; 0.020; 2.915; 1.397;
13; 48; 13.969; 0.375; 0.020; 2.915; 1.397;
13; 48; 13.969; 0.425; 0.020; 2.915; 1.398;
13; 48; 13.969; 0.475; 0.020; 2.915; 1.398;
13; 48; 13.969; 0.525; 0.020; 2.915; 1.398;
13; 48; 13.969; 0.575; 0.020; 2.915; 1.398;
13; 48; 13.969; 0.625; 0.020; 2.916; 1.398;
13; 48; 13.969; 0.675; 0.020; 2.915; 1.398;
13; 48; 13.969; 0.725; 0.020; 2.915; 1.396;
13; 48; 13.969; 0.775; 0.020; 2.915; 1.396;
13; 48; 13.969; 0.825; 0.020; 2.915; 1.398;
13; 48; 13.969; 0.875; 0.020; 2.915; 1.398;
13; 48; 13.969; 0.925; 0.020; 2.915; 1.397;
13; 48; 13.969; 0.975; 0.020; 2.915; 1.397;
13; 48; 13.969; 1.025; 0.020; 2.915; 1.398;
13; 48; 13.969; 1.075; 0.020; 2.915; 1.398;
13; 48; 13.969; 1.125; 0.020; 2.915; 1.397;
13; 48; 13.969; 1.175; 0.020; 2.915; 1.397;
13; 48; 13.969; 1.225; 0.020; 2.915; 1.398;
13; 48; 13.969; 1.275; 0.020; 2.915; 1.398;
13; 48; 13.969; 1.325; 0.020; 2.916; 1.397;
13; 48; 13.969; 1.375; 0.020; 2.915; 1.397;
13; 48; 13.969; 1.425; 0.020; 2.916; 1.397;
13; 48; 13.969; 1.475; 0.020; 2.915; 1.397;
13; 48; 15.565; 0.025;-0.040; 2.915; 1.397;
13; 48; 15.565; 0.075;-0.040; 2.915; 1.397;
13; 48; 15.565; 0.125;-0.040; 2.916; 1.396;
13; 48; 15.565; 0.175;-0.040; 2.915; 1.396;
13; 48; 15.565; 0.225;-0.040; 2.915; 1.397;
13; 48; 15.565; 0.275;-0.040; 2.915; 1.397;
13; 48; 15.565; 0.325;-0.040; 2.916; 1.398;
13; 48; 15.565; 0.375;-0.040; 2.916; 1.398;
13; 48; 15.565; 0.425;-0.040; 2.915; 1.397;
13; 48; 15.565; 0.475;-0.040; 2.916; 1.397;
13; 48; 15.565; 0.525;-0.040; 2.916; 1.397;
13; 48; 15.565; 0.575;-0.040; 2.915; 1.397;
13; 48; 15.565; 0.625;-0.040; 2.915; 1.397;
13; 48; 15.565; 0.675;-0.040; 2.915; 1.397;
13; 48; 15.565; 0.725;-0.040; 2.915; 1.398;
13; 48; 15.565; 0.775;-0.040; 2.915; 1.398;
13; 48; 15.565; 0.825;-0.040; 2.915; 1.395;
13; 48; 15.565; 0.875;-0.040; 2.915; 1.395;
13; 48; 15.565; 0.925;-0.040; 2.915; 1.397;
13; 48; 15.565; 0.975;-0.040; 2.915; 1.397;
13; 48; 15.565; 1.025;-0.040; 2.915; 1.398;
13; 48; 15.565; 1.075;-0.040; 2.916; 1.398;
13; 48; 15.565; 1.125;-0.040; 2.916; 1.397;
13; 48; 15.565; 1.175;-0.040; 2.915; 1.397;
13; 48; 15.565; 1.225;-0.040; 2.915; 1.398;
13; 48; 15.565; 1.275;-0.040; 2.915; 1.398;
13; 48; 15.565; 1.325;-0.040; 2.915; 1.398;
13; 48; 15.565; 1.375;-0.040; 2.915; 1.398;
13; 48; 15.565; 1.425;-0.040; 2.916; 1.398;
13; 48; 15.565; 1.475;-0.040; 2.915; 1.398;
13; 48; 17.161; 0.025; 0.000; 2.915; 1.398;
13; 48; 17.161; 0.075; 0.000; 2.915; 1.398;
13; 48; 17.161; 0.125; 0.000; 2.915; 1.398;
13; 48; 17.161; 0.175; 0.000; 2.916; 1.398;
13; 48; 17.161; 0.225; 0.000; 2.916; 1.397;
13; 48; 17.161; 0.275; 0.000; 2.915; 1.397;
13; 48; 17.161; 0.325; 0.000; 2.915; 1.397;
13; 48; 17.161; 0.375; 0.000; 2.915; 1.397;
13; 48; 17.161; 0.425; 0.000; 2.916; 1.396;
13; 48; 17.161; 0.475; 0.000; 2.915; 1.396;
13; 48; 17.161; 0.525; 0.000; 2.915; 1.397;
13; 48; 17.161; 0.575; 0.000; 2.915; 1.397;
13; 48; 17.161; 0.625; 0.000; 2.915; 1.397;
13; 48; 17.161; 0.675; 0.000; 2.915; 1.397;
13; 48; 17.161; 0.725; 0.000; 2.915; 1.397;
13; 48; 17.161; 0.775; 0.000; 2.914; 1.397;
13; 48; 17.161; 0.825; 0.000; 2.916; 1.397;
13; 48; 17.161; 0.875; 0.000; 2.915; 1.397;
13; 48; 17.161; 0.925; 0.000; 2.915; 1.398;
13; 48; 17.161; 0.975; 0.000; 2.915; 1.398;
13; 48; 17.161; 1.025; 0.000; 2.915; 1.397;
13; 48; 17.161; 1.075; 0.000; 2.915; 1.397;
13; 48; 17.161; 1.125; 0.000; 2.916; 1.397;
13; 48; 17.161; 1.175; 0.000; 2.916; 1.397;
13; 48; 17.161; 1.225; 0.000; 2.915; 1.397;
13; 48; 17.161; 1.275; 0.000; 2.915; 1.397;
13; 48; 17.161; 1.325; 0.000; 2.915; 1.398;
13; 48; 17.161; 1.375; 0.000; 2.916; 1.398;
13; 48; 17.161; 1.425; 0.000; 2.915; 1.397;
13; 48; 17.161; 1.475; 0.000; 2.915; 1.397;
13; 48; 18.759; 0.025; 0.040; 2.915; 1.396;
13; 48; 18.759; 0.075; 0.040; 2.915; 1.396;
13; 48; 18.759; 0.125; 0.040; 2.916; 1.398;
13; 48; 18.759; 0.175; 0.040; 2.916; 1.398;
13; 48; 18.759; 0.225; 0.040; 2.915; 1.397;
13; 48; 18.759; 0.275; 0.040; 2.915; 1.397;
13; 48; 18.759; 0.325; 0.040; 2.915; 1.398;
13; 48; 18.759; 0.375; 0.040; 2.916; 1.398;
13; 48; 18.759; 0.425; 0.040; 2.915; 1.396;
13; 48; 18.759; 0.475; 0.040; 2.915; 1.396;
13; 48; 18.759; 0.525; 0.040; 2.915; 1.397;
13; 48; 18.759; 0.575; 0.040; 2.915; 1.397;
13; 48; 18.759; 0.625; 0.040; 2.915; 1.398;
13; 48; 18.759; 0.675; 0.040; 2.915; 1.398;
13; 48; 18.759; 0.725; 0.040; 2.915; 1.398;
13; 48; 18.759; 0.775; 0.040; 2.915; 1.398;
13; 48; 18.759; 0.825; 0.040; 2.915; 1.397;
13; 48; 18.759; 0.875; 0.040; 2.914; 1.397;
13; 48; 18.759; 0.925; 0.040; 2.915; 1.396;
13; 48; 18.759; 0.975; 0.040; 2.915; 1.396;
13; 48; 18.759; 1.025; 0.040; 2.915; 1.397;
13; 48; 18.759; 1.075; 0.040; 2.914; 1.397;
13; 48; 18.759; 1.125; 0.040; 2.915; 1.398;
13; 48; 18.759; 1.175; 0.040; 2.915; 1.398;
13; 48; 18.759; 1.225; 0.040; 2.915; 1.396;
13; 48; 18.759; 1.275; 0.040; 2.915; 1.396;
13; 48; 18.759; 1.325; 0.040; 2.915; 1.399;
13; 48; 18.759; 1.375; 0.040; 2.915; 1.399;
13; 48; 18.759; 1.425; 0.040; 2.915; 1.398;
13; 48; 18.759; 1.475; 0.040; 2.915; 1.398;
13; 48; 20.353; 0.025;-0.070; 2.915; 1.397;
13; 48; 20.353; 0.075;-0.070; 2.916; 1.397;
13; 48; 20.353; 0.125;-0.070; 2.916; 1.396;
13; 48; 20.353; 0.175;-0.070; 2.915; 1.396;
13; 48; 20.353; 0.225;-0.070; 2.915; 1.397;
13; 48; 20.353; 0.275;-0.070; 2.915; 1.397;
13; 48; 20.353; 0.325;-0.070; 2.915; 1.397;
13; 48; 20.353; 0.375;-0.070; 2.915; 1.397;
13; 48; 20.353; 0.425;-0.070; 2.915; 1.397;
13; 48; 20.353; 0.475;-0.070; 2.915; 1.397;
13; 48; 20.353; 0.525;-0.070; 2.915; 1.398;
13; 48; 20.353; 0.575;-0.070; 2.916; 1.398;
13; 48; 20.353; 0.625;-0.070; 2.915; 1.398;
13; 48; 20.353; 0.675;-0.070; 2.915; 1.398;
13; 48; 20.353; 0.725;-0.070; 2.915; 1.398;
13; 48; 20.353; 0.775;-0.070; 2.916; 1.398;
13; 48; 20.353; 0.825;-0.070; 2.915; 1.397;
13; 48; 20.353; 0.875;-0.070; 2.915; 1.397;
13; 48; 20.353; 0.925;-0.070; 2.915; 1.396;
13; 48; 20.353; 0.975;-0.070; 2.915; 1.396;
13; 48; 20.353; 1.025;-0.070; 2.915; 1.397;
13; 48; 20.353; 1.075;-0.070; 2.915; 1.397;
13; 48; 20.353; 1.125;-0.070; 2.915; 1.398;
13; 48; 20.353; 1.175;-0.070; 2.915; 1.398;
13; 48; 20.353; 1.225;-0.070; 2.915; 1.397;
13; 48; 20.353; 1.275;-0.070; 2.916; 1.397;
13; 48; 20.353; 1.325;-0.070; 2.915; 1.398;
13; 48; 20.353; 1.375;-0.070; 2.916; 1.398;
13; 48; 20.353; 1.425;-0.070; 2.915; 1.398;
13; 48; 20.353; 1.475;-0.070; 2.915; 1.398;
13; 48; 21.949; 0.025;-0.040; 2.915; 1.396;
13; 48; 21.949; 0.075;-0.040; 2.915; 1.396;
13; 48; 21.949; 0.125;-0.040; 2.915; 1.397;
13; 48; 21.949; 0.175;-0.040; 2.915; 1.397;
13; 48; 21.949; 0.225;-0.040; 2.916; 1.397;
13; 48; 21.949; 0.275;-0.040; 2.916; 1.397;
13; 48; 21.949; 0.325;-0.040; 2.915; 1.397;
13; 48; 21.949; 0.375;-0.040; 2.915; 1.397;
13; 48; 21.949; 0.425;-0.040; 2.915; 1.398;
13; 48; 21.949; 0.475;-0.040; 2.915; 1.398;
13; 48; 21.949; 0.525;-0.040; 2.915; 1.398;
13; 48; 21.949; 0.575;-0.040; 2.915; 1.398;
13; 48; 21.949; 0.625;-0.040; 2.915; 1.398;
13; 48; 21.949; 0.675;-0.040; 2.915; 1.398;
13; 48; 21.949; 0.725;-0.040; 2.915; 1.397;
13; 48; 21.949; 0.775;-0.040; 2.915; 1.397;
13; 48; 21.949; 0.825;-0.040; 2.915; 1.397;
13; 48; 21.949; 0.875;-0.040; 2.916; 1.397;
13; 48; 21.949; 0.925;-0.040; 2.915; 1.397;
13; 48; 21.949; 0.975;-0.040; 2.915; 1.397;
13; 48; 21.949; 1.025;-0.040; 2.915; 1.397;
13; 48; 21.949; 1.075;-0.040; 2.915; 1.397;
13; 48; 21.949; 1.125;-0.040; 2.915; 1.396;
13; 48; 21.949; 1.175;-0.040; 2.916; 1.396;
13; 48; 21.949; 1.225;-0.040; 2.915; 1.398;
13; 48; 21.949; 1.275;-0.040; 2.916; 1.398;
13; 48; 21.949; 1.325;-0.040; 2.915; 1.397;
13; 48; 21.949; 1.375;-0.040; 2.915; 1.397;
13; 48; 21.949; 1.425;-0.040; 2.915; 1.398;
13; 48; 21.949; 1.475;-0.040; 2.915; 1.398;
