ore; minuti; secondi; corrente; tensione; lemcurr; lemref; temperatura;
8; 54; 11.133; 0.000; 1.396; 2.509; 2.506; 0.313;
8; 54; 11.183; 0.000; 1.396; 2.509; 2.505; 0.313;
8; 54; 11.233; 0.000; 1.394; 2.510; 2.505; 0.313;
8; 54; 11.283; 0.000; 1.393; 2.510; 2.505; 0.314;
8; 54; 11.333; 0.000; 1.387; 2.509; 2.505; 0.314;
8; 54; 11.383; 0.000; 1.395; 2.510; 2.505; 0.313;
8; 54; 11.433; 0.000; 1.396; 2.510; 2.505; 0.313;
8; 54; 11.483; 0.000; 1.395; 2.510; 2.505; 0.308;
8; 54; 11.533; 0.000; 1.394; 2.511; 2.505; 0.314;
8; 54; 11.583; 0.000; 1.389; 2.510; 2.505; 0.316;
8; 54; 11.633; 0.000; 1.395; 2.510; 2.505; 0.313;
8; 54; 11.683; 0.000; 1.394; 2.510; 2.505; 0.313;
8; 54; 11.733; 0.000; 1.396; 2.509; 2.506; 0.309;
8; 54; 11.783; 0.000; 1.393; 2.509; 2.505; 0.315;
8; 54; 11.833; 0.000; 1.388; 2.510; 2.505; 0.317;
8; 54; 11.883; 0.000; 1.396; 2.510; 2.504; 0.313;
8; 54; 11.933; 0.000; 1.395; 2.510; 2.506; 0.313;
8; 54; 11.983; 0.000; 1.396; 2.510; 2.506; 0.313;
8; 54; 12.033; 0.000; 1.392; 2.510; 2.505; 0.314;
8; 54; 12.083; 0.000; 1.389; 2.511; 2.506; 0.314;
8; 54; 12.133; 0.000; 1.396; 2.510; 2.505; 0.313;
8; 54; 12.183; 0.000; 1.395; 2.509; 2.506; 0.313;
8; 54; 12.233; 0.000; 1.394; 2.510; 2.505; 0.311;
8; 54; 12.283; 0.000; 1.393; 2.510; 2.506; 0.314;
8; 54; 12.333; 0.000; 1.388; 2.509; 2.505; 0.314;
8; 54; 12.383; 0.000; 1.396; 2.509; 2.506; 0.313;
8; 54; 12.433; 0.000; 1.396; 2.510; 2.504; 0.313;
8; 54; 12.483; 0.000; 1.395; 2.510; 2.506; 0.307;
8; 54; 12.533; 0.000; 1.394; 2.510; 2.506; 0.318;
8; 54; 12.583; 0.000; 1.393; 2.510; 2.505; 0.313;
8; 54; 12.061; 0.000; 1.393; 2.510; 2.505; 0.313;
8; 54; 12.111; 0.000; 1.393; 2.509; 2.506; 0.313;
8; 54; 12.161; 0.000; 1.393; 2.510; 2.504; 0.313;
8; 54; 12.211; 0.000; 1.393; 2.510; 2.505; 0.313;
8; 54; 12.261; 0.000; 1.393; 2.509; 2.505; 0.314;
8; 54; 12.311; 0.000; 1.392; 2.510; 2.506; 0.313;
8; 54; 12.361; 0.000; 1.395; 2.510; 2.505; 0.314;
8; 54; 12.411; 0.000; 1.395; 2.510; 2.505; 0.309;
8; 54; 12.461; 0.000; 1.394; 2.509; 2.505; 0.316;
8; 54; 12.511; 0.000; 1.388; 2.510; 2.505; 0.317;
8; 54; 12.561; 0.000; 1.389; 2.510; 2.506; 0.314;
8; 54; 12.611; 0.000; 1.399; 2.511; 2.506; 0.313;
8; 54; 12.661; 0.000; 1.399; 2.510; 2.505; 0.309;
8; 54; 12.711; 0.000; 1.394; 2.510; 2.505; 0.315;
8; 54; 12.761; 0.000; 1.382; 2.510; 2.505; 0.315;
8; 54; 12.811; 0.000; 1.387; 2.509; 2.506; 0.316;
8; 54; 12.861; 0.000; 1.403; 2.510; 2.505; 0.313;
8; 54; 12.911; 0.000; 1.402; 2.510; 2.505; 0.308;
8; 54; 12.961; 0.000; 1.395; 2.510; 2.506; 0.310;
8; 54; 13.011; 0.000; 1.382; 2.510; 2.505; 0.318;
8; 54; 13.061; 0.000; 1.388; 2.510; 2.506; 0.317;
8; 54; 13.111; 0.000; 1.404; 2.509; 2.506; 0.308;
8; 54; 13.161; 0.000; 1.403; 2.510; 2.505; 0.310;
8; 54; 13.211; 0.000; 1.389; 2.511; 2.506; 0.313;
8; 54; 13.261; 0.000; 1.384; 2.510; 2.506; 0.322;
8; 54; 13.311; 0.000; 1.386; 2.510; 2.505; 0.315;
8; 54; 13.361; 0.000; 1.393; 2.509; 2.505; 0.317;
8; 54; 13.411; 0.000; 1.405; 2.510; 2.506; 0.306;
8; 54; 13.461; 0.000; 1.403; 2.509; 2.505; 0.309;
8; 54; 13.511; 0.000; 1.387; 2.509; 2.506; 0.314;
8; 54; 14.184;-0.010; 1.403; 2.510; 2.506; 0.309;
8; 54; 14.234;-0.010; 1.391; 2.509; 2.505; 0.313;
8; 54; 14.284;-0.010; 1.385; 2.509; 2.505; 0.319;
8; 54; 14.334;-0.010; 1.388; 2.509; 2.505; 0.318;
8; 54; 14.384;-0.010; 1.401; 2.509; 2.506; 0.308;
8; 54; 14.434;-0.010; 1.403; 2.510; 2.506; 0.309;
8; 54; 14.484;-0.010; 1.389; 2.510; 2.506; 0.313;
8; 54; 14.534;-0.010; 1.384; 2.510; 2.505; 0.319;
8; 54; 14.584;-0.010; 1.390; 2.510; 2.505; 0.318;
8; 54; 14.634;-0.010; 1.403; 2.510; 2.505; 0.308;
8; 54; 14.684;-0.010; 1.402; 2.510; 2.505; 0.309;
8; 54; 14.734;-0.010; 1.388; 2.510; 2.505; 0.313;
8; 54; 14.784;-0.010; 1.385; 2.510; 2.505; 0.319;
8; 54; 14.834;-0.010; 1.390; 2.510; 2.505; 0.318;
8; 54; 14.884;-0.010; 1.402; 2.510; 2.506; 0.307;
8; 54; 14.934;-0.010; 1.404; 2.510; 2.505; 0.308;
8; 54; 14.984;-0.010; 1.395; 2.510; 2.506; 0.313;
8; 54; 15.034;-0.010; 1.384; 2.509; 2.505; 0.318;
8; 54; 15.084;-0.010; 1.386; 2.510; 2.505; 0.317;
8; 54; 15.134;-0.010; 1.397; 2.510; 2.506; 0.309;
8; 54; 15.184;-0.010; 1.404; 2.509; 2.506; 0.310;
8; 54; 15.234;-0.010; 1.392; 2.509; 2.506; 0.313;
8; 54; 15.284;-0.010; 1.385; 2.510; 2.506; 0.318;
8; 54; 15.334;-0.010; 1.390; 2.510; 2.506; 0.317;
8; 54; 15.384;-0.010; 1.402; 2.510; 2.505; 0.308;
8; 54; 15.434;-0.010; 1.401; 2.510; 2.506; 0.309;
8; 54; 15.484;-0.010; 1.388; 2.510; 2.505; 0.313;
8; 54; 15.534;-0.010; 1.386; 2.510; 2.506; 0.318;
8; 54; 15.584;-0.010; 1.392; 2.509; 2.505; 0.316;
8; 54; 15.634;-0.010; 1.405; 2.511; 2.505; 0.308;
8; 54; 15.851; 0.010; 1.397; 2.510; 2.506; 0.308;
8; 54; 15.901; 0.010; 1.404; 2.510; 2.505; 0.309;
8; 54; 15.951; 0.010; 1.393; 2.509; 2.506; 0.312;
8; 54; 16.001; 0.010; 1.385; 2.510; 2.505; 0.320;
8; 54; 16.051; 0.010; 1.387; 2.509; 2.506; 0.317;
8; 54; 16.101; 0.010; 1.398; 2.510; 2.505; 0.309;
8; 54; 16.151; 0.010; 1.403; 2.510; 2.506; 0.309;
8; 54; 16.201; 0.010; 1.391; 2.509; 2.505; 0.313;
8; 54; 16.251; 0.010; 1.384; 2.510; 2.505; 0.318;
8; 54; 16.301; 0.010; 1.389; 2.510; 2.506; 0.317;
8; 54; 16.351; 0.010; 1.402; 2.509; 2.505; 0.308;
8; 54; 16.401; 0.010; 1.402; 2.510; 2.505; 0.309;
8; 54; 16.451; 0.010; 1.389; 2.510; 2.505; 0.313;
8; 54; 16.501; 0.010; 1.385; 2.510; 2.505; 0.318;
8; 54; 16.551; 0.010; 1.392; 2.509; 2.506; 0.317;
8; 54; 16.601; 0.010; 1.404; 2.511; 2.506; 0.308;
8; 54; 16.651; 0.010; 1.399; 2.510; 2.505; 0.310;
8; 54; 16.701; 0.010; 1.386; 2.510; 2.506; 0.313;
8; 54; 16.751; 0.010; 1.386; 2.510; 2.505; 0.319;
8; 54; 16.801; 0.010; 1.394; 2.510; 2.505; 0.314;
8; 54; 16.851; 0.010; 1.404; 2.510; 2.506; 0.307;
8; 54; 16.901; 0.010; 1.395; 2.510; 2.505; 0.313;
8; 54; 16.951; 0.010; 1.385; 2.510; 2.506; 0.319;
8; 54; 17.001; 0.010; 1.388; 2.509; 2.505; 0.317;
8; 54; 17.051; 0.010; 1.401; 2.510; 2.506; 0.308;
8; 54; 17.101; 0.010; 1.401; 2.510; 2.506; 0.309;
8; 54; 17.151; 0.010; 1.387; 2.510; 2.506; 0.313;
8; 54; 17.201; 0.010; 1.386; 2.510; 2.506; 0.318;
8; 54; 17.251; 0.010; 1.395; 2.510; 2.506; 0.313;
8; 54; 17.301; 0.010; 1.404; 2.509; 2.505; 0.310;
8; 54; 17.509; 0.000; 1.385; 2.510; 2.505; 0.319;
8; 54; 17.559; 0.000; 1.389; 2.510; 2.505; 0.317;
8; 54; 17.609; 0.000; 1.402; 2.509; 2.505; 0.307;
8; 54; 17.659; 0.000; 1.403; 2.511; 2.505; 0.308;
8; 54; 17.709; 0.000; 1.392; 2.509; 2.505; 0.313;
8; 54; 17.759; 0.000; 1.385; 2.509; 2.506; 0.319;
8; 54; 17.809; 0.000; 1.387; 2.509; 2.505; 0.317;
8; 54; 17.859; 0.000; 1.397; 2.509; 2.505; 0.309;
8; 54; 17.909; 0.000; 1.404; 2.509; 2.505; 0.312;
8; 54; 17.959; 0.000; 1.398; 2.510; 2.505; 0.310;
8; 54; 18.009; 0.000; 1.387; 2.510; 2.506; 0.313;
8; 54; 18.059; 0.000; 1.385; 2.510; 2.505; 0.319;
8; 54; 18.109; 0.000; 1.390; 2.509; 2.505; 0.317;
8; 54; 18.159; 0.000; 1.401; 2.510; 2.506; 0.306;
8; 54; 18.209; 0.000; 1.403; 2.510; 2.506; 0.309;
8; 54; 18.259; 0.000; 1.393; 2.509; 2.506; 0.313;
8; 54; 18.309; 0.000; 1.384; 2.510; 2.505; 0.318;
8; 54; 18.359; 0.000; 1.387; 2.510; 2.505; 0.318;
8; 54; 18.409; 0.000; 1.398; 2.510; 2.506; 0.309;
8; 54; 18.459; 0.000; 1.403; 2.510; 2.506; 0.309;
8; 54; 18.509; 0.000; 1.393; 2.510; 2.506; 0.313;
8; 54; 18.559; 0.000; 1.385; 2.509; 2.505; 0.319;
8; 54; 18.609; 0.000; 1.388; 2.509; 2.506; 0.317;
8; 54; 18.659; 0.000; 1.398; 2.510; 2.505; 0.309;
8; 54; 18.709; 0.000; 1.403; 2.509; 2.506; 0.310;
8; 54; 18.759; 0.000; 1.391; 2.510; 2.506; 0.313;
8; 54; 18.809; 0.000; 1.385; 2.511; 2.505; 0.318;
8; 54; 18.859; 0.000; 1.388; 2.509; 2.505; 0.318;
8; 54; 18.909; 0.000; 1.398; 2.510; 2.505; 0.307;
8; 54; 18.959; 0.000; 1.404; 2.510; 2.505; 0.312;
8; 54; 19.161; 0.000; 1.392; 2.509; 2.505; 0.318;
8; 54; 19.211; 0.000; 1.405; 2.509; 2.505; 0.308;
8; 54; 19.261; 0.000; 1.400; 2.510; 2.506; 0.309;
8; 54; 19.311; 0.000; 1.387; 2.510; 2.506; 0.313;
8; 54; 19.361; 0.000; 1.385; 2.510; 2.505; 0.319;
8; 54; 19.411; 0.000; 1.388; 2.510; 2.505; 0.318;
8; 54; 19.461; 0.000; 1.399; 2.509; 2.505; 0.309;
8; 54; 19.511; 0.000; 1.403; 2.510; 2.506; 0.307;
8; 54; 19.561; 0.000; 1.394; 2.510; 2.506; 0.313;
8; 54; 19.611; 0.000; 1.385; 2.509; 2.505; 0.316;
8; 54; 19.661; 0.000; 1.386; 2.509; 2.506; 0.318;
8; 54; 19.711; 0.000; 1.392; 2.510; 2.505; 0.318;
8; 54; 19.761; 0.000; 1.404; 2.510; 2.505; 0.307;
8; 54; 19.811; 0.000; 1.400; 2.510; 2.505; 0.308;
8; 54; 19.861; 0.000; 1.388; 2.510; 2.505; 0.313;
8; 54; 19.911; 0.000; 1.385; 2.510; 2.506; 0.320;
8; 54; 19.961; 0.000; 1.389; 2.510; 2.506; 0.318;
8; 54; 20.011; 0.000; 1.399; 2.509; 2.506; 0.307;
8; 54; 20.061; 0.000; 1.403; 2.510; 2.505; 0.310;
8; 54; 20.111; 0.000; 1.394; 2.510; 2.506; 0.313;
8; 54; 20.161; 0.000; 1.384; 2.509; 2.505; 0.318;
8; 54; 20.211; 0.000; 1.386; 2.510; 2.505; 0.316;
8; 54; 20.261; 0.000; 1.391; 2.510; 2.506; 0.318;
8; 54; 20.311; 0.000; 1.404; 2.510; 2.506; 0.308;
8; 54; 20.361; 0.000; 1.402; 2.510; 2.506; 0.308;
8; 54; 20.411; 0.000; 1.391; 2.509; 2.505; 0.313;
8; 54; 20.461; 0.000; 1.385; 2.510; 2.505; 0.320;
8; 54; 20.511; 0.000; 1.388; 2.510; 2.505; 0.318;
8; 54; 20.561; 0.000; 1.398; 2.509; 2.506; 0.308;
8; 54; 20.611; 0.000; 1.404; 2.510; 2.505; 0.310;
8; 54; 20.890; 0.000; 1.401; 2.510; 2.505; 0.309;
8; 54; 20.940; 0.000; 1.388; 2.509; 2.505; 0.313;
8; 54; 20.990; 0.000; 1.386; 2.510; 2.505; 0.319;
8; 54; 21.040; 0.000; 1.391; 2.510; 2.505; 0.317;
8; 54; 21.090; 0.000; 1.404; 2.510; 2.505; 0.308;
8; 54; 21.140; 0.000; 1.400; 2.510; 2.505; 0.309;
8; 54; 21.190; 0.000; 1.387; 2.510; 2.505; 0.314;
8; 54; 21.240; 0.000; 1.385; 2.510; 2.505; 0.319;
8; 54; 21.290; 0.000; 1.390; 2.509; 2.505; 0.318;
8; 54; 21.340; 0.000; 1.402; 2.510; 2.505; 0.308;
8; 54; 21.390; 0.000; 1.403; 2.510; 2.506; 0.309;
8; 54; 21.440; 0.000; 1.394; 2.510; 2.506; 0.313;
8; 54; 21.490; 0.000; 1.384; 2.510; 2.505; 0.316;
8; 54; 21.540; 0.000; 1.386; 2.510; 2.505; 0.317;
8; 54; 21.590; 0.000; 1.392; 2.510; 2.505; 0.317;
8; 54; 21.640; 0.000; 1.405; 2.510; 2.505; 0.308;
8; 54; 21.690; 0.000; 1.400; 2.509; 2.506; 0.310;
8; 54; 21.740; 0.000; 1.386; 2.511; 2.506; 0.314;
8; 54; 21.790; 0.000; 1.385; 2.510; 2.505; 0.319;
8; 54; 21.840; 0.000; 1.394; 2.510; 2.505; 0.316;
8; 54; 21.890; 0.000; 1.405; 2.510; 2.506; 0.308;
8; 54; 21.940; 0.000; 1.395; 2.509; 2.506; 0.311;
8; 54; 21.990; 0.000; 1.385; 2.510; 2.505; 0.319;
8; 54; 22.040; 0.000; 1.389; 2.509; 2.505; 0.316;
8; 54; 22.090; 0.000; 1.402; 2.510; 2.505; 0.308;
8; 54; 22.140; 0.000; 1.401; 2.511; 2.505; 0.310;
8; 54; 22.190; 0.000; 1.388; 2.510; 2.505; 0.313;
8; 54; 22.240; 0.000; 1.385; 2.510; 2.505; 0.318;
8; 54; 22.290; 0.000; 1.393; 2.510; 2.506; 0.316;
8; 54; 22.340; 0.000; 1.404; 2.511; 2.505; 0.308;
8; 54; 22.529; 0.010; 1.404; 2.511; 2.506; 0.309;
8; 54; 22.579; 0.010; 1.392; 2.509; 2.505; 0.313;
8; 54; 22.629; 0.010; 1.385; 2.509; 2.506; 0.318;
8; 54; 22.679; 0.010; 1.391; 2.510; 2.505; 0.318;
8; 54; 22.729; 0.010; 1.404; 2.510; 2.505; 0.308;
8; 54; 22.779; 0.010; 1.396; 2.510; 2.506; 0.310;
8; 54; 22.829; 0.010; 1.385; 2.510; 2.506; 0.317;
8; 54; 22.879; 0.010; 1.391; 2.510; 2.506; 0.318;
8; 54; 22.929; 0.010; 1.403; 2.510; 2.506; 0.309;
8; 54; 22.979; 0.010; 1.398; 2.510; 2.505; 0.310;
8; 54; 23.029; 0.010; 1.385; 2.510; 2.506; 0.316;
8; 54; 23.079; 0.010; 1.386; 2.510; 2.505; 0.318;
8; 54; 23.129; 0.010; 1.397; 2.509; 2.505; 0.312;
8; 54; 23.179; 0.010; 1.403; 2.510; 2.505; 0.310;
8; 54; 23.229; 0.010; 1.388; 2.509; 2.505; 0.313;
8; 54; 23.279; 0.010; 1.386; 2.510; 2.505; 0.320;
8; 54; 23.329; 0.010; 1.397; 2.510; 2.506; 0.311;
8; 54; 23.379; 0.010; 1.403; 2.510; 2.505; 0.309;
8; 54; 23.429; 0.010; 1.392; 2.510; 2.505; 0.313;
8; 54; 23.479; 0.010; 1.385; 2.509; 2.505; 0.318;
8; 54; 23.529; 0.010; 1.392; 2.510; 2.505; 0.316;
8; 54; 23.579; 0.010; 1.404; 2.509; 2.505; 0.307;
8; 54; 23.629; 0.010; 1.394; 2.509; 2.507; 0.313;
8; 54; 23.679; 0.010; 1.385; 2.509; 2.506; 0.317;
8; 54; 23.729; 0.010; 1.389; 2.511; 2.505; 0.318;
8; 54; 23.779; 0.010; 1.402; 2.510; 2.504; 0.309;
8; 54; 23.829; 0.010; 1.398; 2.510; 2.506; 0.310;
8; 54; 23.879; 0.010; 1.385; 2.509; 2.506; 0.315;
8; 54; 23.929; 0.010; 1.387; 2.510; 2.505; 0.319;
8; 54; 23.979; 0.010; 1.394; 2.510; 2.505; 0.315;
8; 54; 24.144; 0.000; 1.385; 2.510; 2.506; 0.319;
8; 54; 24.194; 0.000; 1.391; 2.509; 2.505; 0.318;
8; 54; 24.244; 0.000; 1.403; 2.510; 2.505; 0.309;
8; 54; 24.294; 0.000; 1.400; 2.510; 2.504; 0.310;
8; 54; 24.344; 0.000; 1.385; 2.510; 2.505; 0.314;
8; 54; 24.394; 0.000; 1.387; 2.510; 2.505; 0.319;
8; 54; 24.444; 0.000; 1.396; 2.509; 2.505; 0.313;
8; 54; 24.494; 0.000; 1.404; 2.510; 2.505; 0.310;
8; 54; 24.544; 0.000; 1.389; 2.511; 2.505; 0.314;
8; 54; 24.594; 0.000; 1.385; 2.509; 2.505; 0.319;
8; 54; 24.644; 0.000; 1.390; 2.511; 2.505; 0.318;
8; 54; 24.694; 0.000; 1.403; 2.510; 2.506; 0.308;
8; 54; 24.744; 0.000; 1.400; 2.510; 2.506; 0.309;
8; 54; 24.794; 0.000; 1.387; 2.510; 2.505; 0.314;
8; 54; 24.844; 0.000; 1.386; 2.509; 2.506; 0.319;
8; 54; 24.894; 0.000; 1.391; 2.510; 2.505; 0.318;
8; 54; 24.944; 0.000; 1.403; 2.509; 2.506; 0.309;
8; 54; 24.994; 0.000; 1.400; 2.509; 2.506; 0.309;
8; 54; 25.044; 0.000; 1.388; 2.509; 2.506; 0.313;
8; 54; 25.094; 0.000; 1.386; 2.509; 2.505; 0.319;
8; 54; 25.144; 0.000; 1.390; 2.510; 2.505; 0.318;
8; 54; 25.194; 0.000; 1.402; 2.510; 2.505; 0.308;
8; 54; 25.244; 0.000; 1.402; 2.510; 2.506; 0.309;
8; 54; 25.294; 0.000; 1.390; 2.510; 2.506; 0.313;
8; 54; 25.344; 0.000; 1.385; 2.510; 2.506; 0.319;
8; 54; 25.394; 0.000; 1.390; 2.510; 2.505; 0.318;
8; 54; 25.444; 0.000; 1.402; 2.509; 2.506; 0.308;
8; 54; 25.494; 0.000; 1.401; 2.510; 2.505; 0.310;
8; 54; 25.544; 0.000; 1.388; 2.510; 2.506; 0.313;
8; 54; 25.594; 0.000; 1.385; 2.510; 2.505; 0.319;
8; 54; 25.758;-0.020; 1.387; 2.509; 2.506; 0.314;
8; 54; 25.808;-0.020; 1.385; 2.509; 2.505; 0.320;
8; 54; 25.858;-0.020; 1.389; 2.510; 2.505; 0.318;
8; 54; 25.908;-0.020; 1.400; 2.509; 2.505; 0.307;
8; 54; 25.958;-0.020; 1.403; 2.510; 2.505; 0.310;
8; 54; 26.008;-0.020; 1.394; 2.510; 2.506; 0.313;
8; 54; 26.058;-0.020; 1.385; 2.509; 2.506; 0.317;
8; 54; 26.108;-0.020; 1.387; 2.510; 2.505; 0.319;
8; 54; 26.158;-0.020; 1.395; 2.510; 2.505; 0.314;
8; 54; 26.208;-0.020; 1.403; 2.510; 2.505; 0.308;
8; 54; 26.258;-0.020; 1.392; 2.509; 2.505; 0.314;
8; 54; 26.308;-0.020; 1.385; 2.510; 2.506; 0.319;
8; 54; 26.358;-0.020; 1.388; 2.510; 2.505; 0.318;
8; 54; 26.408;-0.020; 1.396; 2.510; 2.505; 0.311;
8; 54; 26.458;-0.020; 1.405; 2.509; 2.506; 0.311;
8; 54; 26.508;-0.020; 1.400; 2.510; 2.505; 0.309;
8; 54; 26.558;-0.020; 1.387; 2.510; 2.505; 0.314;
8; 54; 26.608;-0.020; 1.386; 2.510; 2.506; 0.319;
8; 54; 26.658;-0.020; 1.390; 2.509; 2.506; 0.319;
8; 54; 26.708;-0.020; 1.401; 2.510; 2.506; 0.307;
8; 54; 26.758;-0.020; 1.402; 2.509; 2.505; 0.310;
8; 54; 26.808;-0.020; 1.391; 2.509; 2.505; 0.313;
8; 54; 26.858;-0.020; 1.385; 2.510; 2.505; 0.320;
8; 54; 26.908;-0.020; 1.389; 2.509; 2.505; 0.318;
8; 54; 26.958;-0.020; 1.401; 2.509; 2.505; 0.307;
8; 54; 27.008;-0.020; 1.402; 2.509; 2.506; 0.309;
8; 54; 27.058;-0.020; 1.390; 2.510; 2.505; 0.313;
8; 54; 27.108;-0.020; 1.385; 2.509; 2.506; 0.320;
8; 54; 27.158;-0.020; 1.387; 2.510; 2.505; 0.320;
8; 54; 27.208;-0.020; 1.399; 2.510; 2.505; 0.308;
8; 54; 27.374; 0.000; 1.392; 2.509; 2.506; 0.314;
8; 54; 27.424; 0.000; 1.385; 2.509; 2.505; 0.319;
8; 54; 27.474; 0.000; 1.390; 2.509; 2.506; 0.318;
8; 54; 27.524; 0.000; 1.403; 2.510; 2.505; 0.309;
8; 54; 27.574; 0.000; 1.400; 2.510; 2.506; 0.310;
8; 54; 27.624; 0.000; 1.386; 2.509; 2.506; 0.314;
8; 54; 27.674; 0.000; 1.386; 2.509; 2.505; 0.320;
8; 54; 27.724; 0.000; 1.391; 2.509; 2.505; 0.318;
8; 54; 27.774; 0.000; 1.403; 2.510; 2.505; 0.308;
8; 54; 27.824; 0.000; 1.402; 2.510; 2.506; 0.310;
8; 54; 27.874; 0.000; 1.391; 2.509; 2.506; 0.313;
8; 54; 27.924; 0.000; 1.385; 2.509; 2.505; 0.320;
8; 54; 27.974; 0.000; 1.388; 2.511; 2.505; 0.319;
8; 54; 28.024; 0.000; 1.398; 2.509; 2.505; 0.308;
8; 54; 28.074; 0.000; 1.405; 2.510; 2.505; 0.313;
8; 54; 28.124; 0.000; 1.398; 2.510; 2.505; 0.310;
8; 54; 28.174; 0.000; 1.385; 2.509; 2.506; 0.314;
8; 54; 28.224; 0.000; 1.386; 2.510; 2.505; 0.320;
8; 54; 28.274; 0.000; 1.392; 2.510; 2.505; 0.318;
8; 54; 28.324; 0.000; 1.404; 2.511; 2.505; 0.308;
8; 54; 28.374; 0.000; 1.401; 2.509; 2.505; 0.309;
8; 54; 28.424; 0.000; 1.387; 2.510; 2.505; 0.314;
8; 54; 28.474; 0.000; 1.386; 2.509; 2.505; 0.319;
8; 54; 28.524; 0.000; 1.392; 2.509; 2.505; 0.318;
8; 54; 28.574; 0.000; 1.402; 2.510; 2.504; 0.308;
8; 54; 28.624; 0.000; 1.400; 2.510; 2.505; 0.309;
8; 54; 28.674; 0.000; 1.388; 2.510; 2.505; 0.314;
8; 54; 28.724; 0.000; 1.385; 2.510; 2.505; 0.319;
8; 54; 28.774; 0.000; 1.392; 2.509; 2.505; 0.317;
8; 54; 28.824; 0.000; 1.405; 2.510; 2.505; 0.308;
8; 54; 28.981; 0.000; 1.403; 2.510; 2.505; 0.309;
8; 54; 29.031; 0.000; 1.394; 2.510; 2.505; 0.314;
8; 54; 29.081; 0.000; 1.384; 2.510; 2.505; 0.319;
8; 54; 29.131; 0.000; 1.388; 2.509; 2.506; 0.318;
8; 54; 29.181; 0.000; 1.400; 2.510; 2.506; 0.308;
8; 54; 29.231; 0.000; 1.403; 2.511; 2.505; 0.310;
8; 54; 29.281; 0.000; 1.395; 2.510; 2.506; 0.314;
8; 54; 29.331; 0.000; 1.385; 2.510; 2.506; 0.319;
8; 54; 29.381; 0.000; 1.387; 2.510; 2.506; 0.318;
8; 54; 29.431; 0.000; 1.397; 2.509; 2.506; 0.309;
8; 54; 29.481; 0.000; 1.404; 2.509; 2.506; 0.311;
8; 54; 29.531; 0.000; 1.396; 2.510; 2.505; 0.312;
8; 54; 29.581; 0.000; 1.385; 2.509; 2.506; 0.316;
8; 54; 29.631; 0.000; 1.387; 2.510; 2.505; 0.319;
8; 54; 29.681; 0.000; 1.393; 2.510; 2.505; 0.315;
8; 54; 29.731; 0.000; 1.404; 2.510; 2.505; 0.310;
8; 54; 29.781; 0.000; 1.399; 2.510; 2.505; 0.310;
8; 54; 29.831; 0.000; 1.385; 2.510; 2.506; 0.315;
8; 54; 29.881; 0.000; 1.385; 2.510; 2.506; 0.319;
8; 54; 29.931; 0.000; 1.393; 2.510; 2.505; 0.317;
8; 54; 29.981; 0.000; 1.405; 2.510; 2.506; 0.309;
8; 54; 30.031; 0.000; 1.398; 2.511; 2.505; 0.310;
8; 54; 30.081; 0.000; 1.385; 2.510; 2.505; 0.314;
8; 54; 30.131; 0.000; 1.386; 2.509; 2.506; 0.321;
8; 54; 30.181; 0.000; 1.389; 2.510; 2.504; 0.319;
8; 54; 30.231; 0.000; 1.401; 2.509; 2.506; 0.308;
8; 54; 30.281; 0.000; 1.402; 2.510; 2.505; 0.309;
8; 54; 30.331; 0.000; 1.394; 2.509; 2.506; 0.314;
8; 54; 30.381; 0.000; 1.384; 2.510; 2.506; 0.315;
8; 54; 30.431; 0.000; 1.386; 2.510; 2.506; 0.319;
8; 54; 30.599; 0.020; 1.405; 2.510; 2.506; 0.309;
8; 54; 30.649; 0.020; 1.399; 2.511; 2.505; 0.309;
8; 54; 30.699; 0.020; 1.389; 2.510; 2.506; 0.314;
8; 54; 30.749; 0.020; 1.385; 2.510; 2.506; 0.322;
8; 54; 30.799; 0.020; 1.386; 2.510; 2.505; 0.315;
8; 54; 30.849; 0.020; 1.390; 2.510; 2.505; 0.322;
8; 54; 30.899; 0.020; 1.397; 2.509; 2.505; 0.312;
8; 54; 30.949; 0.020; 1.406; 2.509; 2.505; 0.304;
8; 54; 30.999; 0.020; 1.404; 2.510; 2.505; 0.312;
8; 54; 31.049; 0.020; 1.399; 2.510; 2.505; 0.309;
8; 54; 31.099; 0.020; 1.390; 2.511; 2.506; 0.314;
8; 54; 31.149; 0.020; 1.384; 2.509; 2.505; 0.315;
8; 54; 31.199; 0.020; 1.386; 2.510; 2.506; 0.326;
8; 54; 31.249; 0.020; 1.386; 2.510; 2.506; 0.314;
8; 54; 31.299; 0.020; 1.388; 2.511; 2.506; 0.321;
8; 54; 31.349; 0.020; 1.394; 2.510; 2.506; 0.313;
8; 54; 31.399; 0.020; 1.404; 2.510; 2.506; 0.305;
8; 54; 31.449; 0.020; 1.404; 2.511; 2.506; 0.312;
8; 54; 31.499; 0.020; 1.399; 2.511; 2.505; 0.310;
8; 54; 31.549; 0.020; 1.390; 2.510; 2.506; 0.314;
8; 54; 31.599; 0.020; 1.384; 2.510; 2.506; 0.316;
8; 54; 31.649; 0.020; 1.386; 2.509; 2.505; 0.321;
8; 54; 31.699; 0.020; 1.390; 2.510; 2.505; 0.318;
8; 54; 31.749; 0.020; 1.401; 2.510; 2.506; 0.307;
8; 54; 31.799; 0.020; 1.402; 2.511; 2.505; 0.310;
8; 54; 31.849; 0.020; 1.389; 2.510; 2.505; 0.314;
8; 54; 31.899; 0.020; 1.386; 2.509; 2.505; 0.321;
8; 54; 31.949; 0.020; 1.388; 2.509; 2.505; 0.319;
8; 54; 31.999; 0.020; 1.396; 2.510; 2.505; 0.312;
8; 54; 32.049; 0.020; 1.405; 2.509; 2.505; 0.309;
8; 54; 32.206; 0.020; 1.400; 2.509; 2.506; 0.309;
8; 54; 32.256; 0.020; 1.388; 2.509; 2.505; 0.315;
8; 54; 32.306; 0.020; 1.386; 2.510; 2.506; 0.322;
8; 54; 32.356; 0.020; 1.387; 2.509; 2.506; 0.319;
8; 54; 32.406; 0.020; 1.395; 2.510; 2.505; 0.311;
8; 54; 32.456; 0.020; 1.404; 2.510; 2.505; 0.310;
8; 54; 32.506; 0.020; 1.398; 2.510; 2.505; 0.310;
8; 54; 32.556; 0.020; 1.385; 2.510; 2.506; 0.316;
8; 54; 32.606; 0.020; 1.386; 2.510; 2.505; 0.319;
8; 54; 32.656; 0.020; 1.391; 2.509; 2.506; 0.319;
8; 54; 32.706; 0.020; 1.404; 2.509; 2.505; 0.308;
8; 54; 32.756; 0.020; 1.402; 2.510; 2.506; 0.309;
8; 54; 32.806; 0.020; 1.392; 2.510; 2.506; 0.314;
8; 54; 32.856; 0.020; 1.385; 2.510; 2.506; 0.320;
8; 54; 32.906; 0.020; 1.388; 2.510; 2.505; 0.318;
8; 54; 32.956; 0.020; 1.395; 2.510; 2.505; 0.313;
8; 54; 33.006; 0.020; 1.403; 2.510; 2.505; 0.309;
8; 54; 33.056; 0.020; 1.401; 2.509; 2.506; 0.307;
8; 54; 33.106; 0.020; 1.390; 2.509; 2.506; 0.314;
8; 54; 33.156; 0.020; 1.385; 2.510; 2.505; 0.320;
8; 54; 33.206; 0.020; 1.386; 2.510; 2.505; 0.316;
8; 54; 33.256; 0.020; 1.392; 2.509; 2.506; 0.319;
8; 54; 33.306; 0.020; 1.403; 2.509; 2.506; 0.307;
8; 54; 33.356; 0.020; 1.401; 2.510; 2.506; 0.309;
8; 54; 33.406; 0.020; 1.395; 2.509; 2.506; 0.314;
8; 54; 33.456; 0.020; 1.384; 2.510; 2.506; 0.314;
8; 54; 33.506; 0.020; 1.385; 2.509; 2.505; 0.323;
8; 54; 33.556; 0.020; 1.387; 2.509; 2.506; 0.317;
8; 54; 33.606; 0.020; 1.392; 2.510; 2.506; 0.318;
8; 54; 33.656; 0.020; 1.400; 2.510; 2.506; 0.306;
8; 54; 33.852; 0.030; 1.385; 2.510; 2.505; 0.317;
8; 54; 33.902; 0.030; 1.386; 2.511; 2.505; 0.318;
8; 54; 33.952; 0.030; 1.393; 2.510; 2.505; 0.318;
8; 54; 34.002; 0.030; 1.405; 2.510; 2.506; 0.307;
8; 54; 34.052; 0.030; 1.402; 2.510; 2.506; 0.308;
8; 54; 34.102; 0.030; 1.397; 2.510; 2.505; 0.314;
8; 54; 34.152; 0.030; 1.385; 2.510; 2.506; 0.315;
8; 54; 34.202; 0.030; 1.386; 2.509; 2.506; 0.320;
8; 54; 34.252; 0.030; 1.390; 2.510; 2.505; 0.319;
8; 54; 34.302; 0.030; 1.400; 2.510; 2.506; 0.307;
8; 54; 34.352; 0.030; 1.403; 2.510; 2.506; 0.314;
8; 54; 34.402; 0.030; 1.398; 2.510; 2.505; 0.311;
8; 54; 34.452; 0.030; 1.386; 2.511; 2.506; 0.315;
8; 54; 34.502; 0.030; 1.386; 2.510; 2.506; 0.319;
8; 54; 34.552; 0.030; 1.391; 2.510; 2.505; 0.318;
8; 54; 34.602; 0.030; 1.403; 2.509; 2.505; 0.310;
8; 54; 34.652; 0.030; 1.401; 2.511; 2.506; 0.310;
8; 54; 34.702; 0.030; 1.390; 2.510; 2.506; 0.314;
8; 54; 34.752; 0.030; 1.385; 2.509; 2.505; 0.320;
8; 54; 34.802; 0.030; 1.388; 2.509; 2.505; 0.319;
8; 54; 34.852; 0.030; 1.399; 2.509; 2.506; 0.308;
8; 54; 34.902; 0.030; 1.404; 2.510; 2.506; 0.319;
8; 54; 34.952; 0.030; 1.399; 2.509; 2.505; 0.310;
8; 54; 35.002; 0.030; 1.386; 2.511; 2.506; 0.314;
8; 54; 35.052; 0.030; 1.387; 2.509; 2.506; 0.319;
8; 54; 35.102; 0.030; 1.390; 2.510; 2.505; 0.319;
8; 54; 35.152; 0.030; 1.401; 2.510; 2.506; 0.309;
8; 54; 35.202; 0.030; 1.403; 2.509; 2.506; 0.318;
8; 54; 35.252; 0.030; 1.391; 2.510; 2.505; 0.314;
8; 54; 35.302; 0.030; 1.385; 2.509; 2.505; 0.320;
8; 54; 35.464; 0.000; 1.386; 2.509; 2.506; 0.320;
8; 54; 35.514; 0.000; 1.390; 2.509; 2.505; 0.319;
8; 54; 35.564; 0.000; 1.404; 2.510; 2.506; 0.307;
8; 54; 35.614; 0.000; 1.402; 2.509; 2.506; 0.318;
8; 54; 35.664; 0.000; 1.397; 2.510; 2.505; 0.317;
8; 54; 35.714; 0.000; 1.384; 2.510; 2.506; 0.315;
8; 54; 35.764; 0.000; 1.386; 2.509; 2.506; 0.322;
8; 54; 35.814; 0.000; 1.387; 2.510; 2.506; 0.319;
8; 54; 35.864; 0.000; 1.395; 2.510; 2.506; 0.314;
8; 54; 35.914; 0.000; 1.404; 2.510; 2.505; 0.313;
8; 54; 35.964; 0.000; 1.399; 2.510; 2.505; 0.317;
8; 54; 36.014; 0.000; 1.386; 2.510; 2.506; 0.319;
8; 54; 36.064; 0.000; 1.385; 2.509; 2.505; 0.321;
8; 54; 36.114; 0.000; 1.389; 2.510; 2.505; 0.321;
8; 54; 36.164; 0.000; 1.402; 2.509; 2.505; 0.310;
8; 54; 36.214; 0.000; 1.401; 2.510; 2.506; 0.319;
8; 54; 36.264; 0.000; 1.387; 2.510; 2.506; 0.322;
8; 54; 36.314; 0.000; 1.385; 2.509; 2.506; 0.320;
8; 54; 36.364; 0.000; 1.391; 2.510; 2.505; 0.320;
8; 54; 36.414; 0.000; 1.404; 2.510; 2.506; 0.311;
8; 54; 36.464; 0.000; 1.400; 2.511; 2.505; 0.320;
8; 54; 36.514; 0.000; 1.387; 2.511; 2.505; 0.321;
8; 54; 36.564; 0.000; 1.385; 2.510; 2.505; 0.324;
8; 54; 36.614; 0.000; 1.389; 2.510; 2.505; 0.320;
8; 54; 36.664; 0.000; 1.400; 2.509; 2.506; 0.315;
8; 54; 36.714; 0.000; 1.402; 2.510; 2.506; 0.318;
8; 54; 36.764; 0.000; 1.392; 2.509; 2.506; 0.320;
8; 54; 36.814; 0.000; 1.385; 2.509; 2.506; 0.327;
8; 54; 36.864; 0.000; 1.387; 2.509; 2.505; 0.318;
8; 54; 36.914; 0.000; 1.396; 2.510; 2.505; 0.318;
8; 54; 37.073; 0.000; 1.385; 2.510; 2.506; 0.326;
8; 54; 37.123; 0.000; 1.388; 2.511; 2.505; 0.320;
8; 54; 37.173; 0.000; 1.402; 2.510; 2.506; 0.316;
8; 54; 37.223; 0.000; 1.401; 2.510; 2.506; 0.321;
8; 54; 37.273; 0.000; 1.387; 2.510; 2.505; 0.323;
8; 54; 37.323; 0.000; 1.386; 2.510; 2.506; 0.326;
8; 54; 37.373; 0.000; 1.393; 2.509; 2.505; 0.325;
8; 54; 37.423; 0.000; 1.405; 2.510; 2.506; 0.316;
8; 54; 37.473; 0.000; 1.399; 2.510; 2.506; 0.321;
8; 54; 37.523; 0.000; 1.387; 2.510; 2.506; 0.321;
8; 54; 37.573; 0.000; 1.385; 2.510; 2.506; 0.331;
8; 54; 37.623; 0.000; 1.388; 2.510; 2.505; 0.322;
8; 54; 37.673; 0.000; 1.399; 2.509; 2.505; 0.322;
8; 54; 37.723; 0.000; 1.404; 2.510; 2.506; 0.321;
8; 54; 37.773; 0.000; 1.397; 2.511; 2.505; 0.321;
8; 54; 37.823; 0.000; 1.385; 2.509; 2.505; 0.323;
8; 54; 37.873; 0.000; 1.386; 2.510; 2.506; 0.325;
8; 54; 37.923; 0.000; 1.391; 2.509; 2.505; 0.332;
8; 54; 37.973; 0.000; 1.403; 2.510; 2.505; 0.318;
8; 54; 38.023; 0.000; 1.402; 2.509; 2.505; 0.322;
8; 54; 38.073; 0.000; 1.391; 2.511; 2.505; 0.324;
8; 54; 38.123; 0.000; 1.386; 2.509; 2.506; 0.328;
8; 54; 38.173; 0.000; 1.387; 2.510; 2.505; 0.320;
8; 54; 38.223; 0.000; 1.394; 2.510; 2.506; 0.334;
8; 54; 38.273; 0.000; 1.404; 2.509; 2.506; 0.319;
8; 54; 38.323; 0.000; 1.400; 2.509; 2.506; 0.324;
8; 54; 38.373; 0.000; 1.387; 2.510; 2.506; 0.323;
8; 54; 38.423; 0.000; 1.386; 2.510; 2.505; 0.330;
8; 54; 38.473; 0.000; 1.391; 2.509; 2.506; 0.325;
8; 54; 38.523; 0.000; 1.403; 2.510; 2.506; 0.328;
8; 54; 38.682; 0.020; 1.387; 2.510; 2.506; 0.324;
8; 54; 38.732; 0.020; 1.396; 2.510; 2.506; 0.329;
8; 54; 38.782; 0.020; 1.404; 2.510; 2.506; 0.327;
8; 54; 38.832; 0.020; 1.394; 2.511; 2.505; 0.322;
8; 54; 38.882; 0.020; 1.384; 2.509; 2.505; 0.328;
8; 54; 38.932; 0.020; 1.387; 2.510; 2.506; 0.332;
8; 54; 38.982; 0.020; 1.394; 2.510; 2.506; 0.330;
8; 54; 39.032; 0.020; 1.404; 2.510; 2.505; 0.329;
8; 54; 39.082; 0.020; 1.398; 2.510; 2.506; 0.327;
8; 54; 39.132; 0.020; 1.385; 2.510; 2.506; 0.325;
8; 54; 39.182; 0.020; 1.386; 2.510; 2.506; 0.335;
8; 54; 39.232; 0.020; 1.390; 2.510; 2.505; 0.326;
8; 54; 39.282; 0.020; 1.402; 2.510; 2.506; 0.332;
8; 54; 39.332; 0.020; 1.402; 2.509; 2.506; 0.330;
8; 54; 39.382; 0.020; 1.391; 2.509; 2.506; 0.325;
8; 54; 39.432; 0.020; 1.385; 2.509; 2.506; 0.330;
8; 54; 39.482; 0.020; 1.387; 2.510; 2.506; 0.333;
8; 54; 39.532; 0.020; 1.393; 2.510; 2.505; 0.334;
8; 54; 39.582; 0.020; 1.405; 2.511; 2.505; 0.329;
8; 54; 39.632; 0.020; 1.400; 2.510; 2.506; 0.333;
8; 54; 39.682; 0.020; 1.387; 2.509; 2.506; 0.327;
8; 54; 39.732; 0.020; 1.385; 2.510; 2.507; 0.337;
8; 54; 39.782; 0.020; 1.389; 2.510; 2.505; 0.332;
8; 54; 39.832; 0.020; 1.397; 2.510; 2.506; 0.331;
8; 54; 39.882; 0.020; 1.404; 2.510; 2.505; 0.331;
8; 54; 39.932; 0.020; 1.399; 2.509; 2.506; 0.335;
8; 54; 39.982; 0.020; 1.386; 2.509; 2.506; 0.329;
8; 54; 40.032; 0.020; 1.386; 2.509; 2.506; 0.336;
8; 54; 40.082; 0.020; 1.393; 2.510; 2.505; 0.335;
8; 54; 40.132; 0.020; 1.404; 2.510; 2.505; 0.333;
8; 54; 40.297;-0.010; 1.391; 2.510; 2.505; 0.333;
8; 54; 40.347;-0.010; 1.400; 2.511; 2.505; 0.336;
8; 54; 40.397;-0.010; 1.401; 2.510; 2.506; 0.334;
8; 54; 40.447;-0.010; 1.390; 2.510; 2.505; 0.336;
8; 54; 40.497;-0.010; 1.385; 2.509; 2.506; 0.336;
8; 54; 40.547;-0.010; 1.388; 2.509; 2.505; 0.338;
8; 54; 40.597;-0.010; 1.396; 2.510; 2.506; 0.336;
8; 54; 40.647;-0.010; 1.404; 2.508; 2.506; 0.334;
8; 54; 40.697;-0.010; 1.398; 2.510; 2.505; 0.336;
8; 54; 40.747;-0.010; 1.386; 2.510; 2.506; 0.332;
8; 54; 40.797;-0.010; 1.386; 2.509; 2.506; 0.342;
8; 54; 40.847;-0.010; 1.390; 2.511; 2.505; 0.335;
8; 54; 40.897;-0.010; 1.402; 2.511; 2.505; 0.338;
8; 54; 40.947;-0.010; 1.400; 2.509; 2.507; 0.340;
8; 54; 40.997;-0.010; 1.388; 2.510; 2.505; 0.337;
8; 54; 41.047;-0.010; 1.386; 2.508; 2.506; 0.342;
8; 54; 41.097;-0.010; 1.391; 2.509; 2.505; 0.336;
8; 54; 41.147;-0.010; 1.402; 2.510; 2.506; 0.338;
8; 54; 41.197;-0.010; 1.399; 2.510; 2.506; 0.341;
8; 54; 41.247;-0.010; 1.386; 2.509; 2.507; 0.335;
8; 54; 41.297;-0.010; 1.386; 2.510; 2.506; 0.342;
8; 54; 41.347;-0.010; 1.392; 2.510; 2.506; 0.339;
8; 54; 41.397;-0.010; 1.404; 2.510; 2.506; 0.340;
8; 54; 41.447;-0.010; 1.399; 2.509; 2.505; 0.339;
8; 54; 41.497;-0.010; 1.388; 2.510; 2.506; 0.340;
8; 54; 41.547;-0.010; 1.385; 2.510; 2.506; 0.343;
8; 54; 41.597;-0.010; 1.389; 2.509; 2.505; 0.341;
8; 54; 41.647;-0.010; 1.398; 2.510; 2.506; 0.338;
8; 54; 41.697;-0.010; 1.403; 2.510; 2.506; 0.340;
8; 54; 41.747;-0.010; 1.398; 2.510; 2.505; 0.342;
8; 54; 41.912; 0.010; 1.386; 2.510; 2.506; 0.346;
8; 54; 41.962; 0.010; 1.391; 2.510; 2.505; 0.339;
8; 54; 42.012; 0.010; 1.402; 2.509; 2.505; 0.344;
8; 54; 42.062; 0.010; 1.402; 2.510; 2.505; 0.342;
8; 54; 42.112; 0.010; 1.392; 2.510; 2.506; 0.346;
8; 54; 42.162; 0.010; 1.385; 2.510; 2.505; 0.340;
8; 54; 42.212; 0.010; 1.387; 2.510; 2.506; 0.343;
8; 54; 42.262; 0.010; 1.396; 2.510; 2.506; 0.345;
8; 54; 42.312; 0.010; 1.404; 2.510; 2.505; 0.341;
8; 54; 42.362; 0.010; 1.396; 2.510; 2.505; 0.347;
8; 54; 42.412; 0.010; 1.385; 2.510; 2.505; 0.343;
8; 54; 42.462; 0.010; 1.387; 2.510; 2.505; 0.344;
8; 54; 42.512; 0.010; 1.393; 2.510; 2.505; 0.347;
8; 54; 42.562; 0.010; 1.405; 2.511; 2.505; 0.344;
8; 54; 42.612; 0.010; 1.399; 2.509; 2.505; 0.346;
8; 54; 42.662; 0.010; 1.387; 2.510; 2.505; 0.345;
8; 54; 42.712; 0.010; 1.386; 2.509; 2.506; 0.349;
8; 54; 42.762; 0.010; 1.390; 2.510; 2.505; 0.343;
8; 54; 42.812; 0.010; 1.403; 2.510; 2.505; 0.347;
8; 54; 42.862; 0.010; 1.400; 2.510; 2.506; 0.346;
8; 54; 42.912; 0.010; 1.388; 2.510; 2.505; 0.345;
8; 54; 42.962; 0.010; 1.386; 2.510; 2.506; 0.349;
8; 54; 43.012; 0.010; 1.392; 2.510; 2.505; 0.345;
8; 54; 43.062; 0.010; 1.403; 2.510; 2.506; 0.348;
8; 54; 43.112; 0.010; 1.399; 2.510; 2.505; 0.348;
8; 54; 43.162; 0.010; 1.388; 2.510; 2.506; 0.351;
8; 54; 43.212; 0.010; 1.385; 2.510; 2.506; 0.345;
8; 54; 43.262; 0.010; 1.387; 2.510; 2.505; 0.347;
8; 54; 43.312; 0.010; 1.393; 2.510; 2.506; 0.349;
8; 54; 43.362; 0.010; 1.404; 2.510; 2.505; 0.350;
8; 54; 43.527; 0.010; 1.401; 2.509; 2.505; 0.349;
8; 54; 43.577; 0.010; 1.391; 2.509; 2.506; 0.351;
8; 54; 43.627; 0.010; 1.385; 2.510; 2.505; 0.347;
8; 54; 43.677; 0.010; 1.385; 2.510; 2.506; 0.354;
8; 54; 43.727; 0.010; 1.389; 2.509; 2.505; 0.350;
8; 54; 43.777; 0.010; 1.398; 2.510; 2.506; 0.350;
8; 54; 43.827; 0.010; 1.404; 2.510; 2.506; 0.351;
8; 54; 43.877; 0.010; 1.400; 2.510; 2.505; 0.352;
8; 54; 43.927; 0.010; 1.387; 2.509; 2.506; 0.354;
8; 54; 43.977; 0.010; 1.385; 2.509; 2.505; 0.350;
8; 54; 44.027; 0.010; 1.387; 2.509; 2.505; 0.348;
8; 54; 44.077; 0.010; 1.393; 2.509; 2.506; 0.354;
8; 54; 44.127; 0.010; 1.402; 2.510; 2.505; 0.353;
8; 54; 44.177; 0.010; 1.403; 2.510; 2.506; 0.354;
8; 54; 44.227; 0.010; 1.399; 2.511; 2.505; 0.353;
8; 54; 44.277; 0.010; 1.388; 2.510; 2.506; 0.357;
8; 54; 44.327; 0.010; 1.386; 2.509; 2.506; 0.352;
8; 54; 44.377; 0.010; 1.387; 2.510; 2.506; 0.351;
8; 54; 44.427; 0.010; 1.392; 2.509; 2.505; 0.354;
8; 54; 44.477; 0.010; 1.400; 2.511; 2.505; 0.355;
8; 54; 44.527; 0.010; 1.404; 2.510; 2.505; 0.354;
8; 54; 44.577; 0.010; 1.401; 2.509; 2.505; 0.354;
8; 54; 44.627; 0.010; 1.391; 2.510; 2.506; 0.353;
8; 54; 44.677; 0.010; 1.386; 2.509; 2.506; 0.358;
8; 54; 44.727; 0.010; 1.385; 2.509; 2.505; 0.356;
8; 54; 44.777; 0.010; 1.388; 2.510; 2.505; 0.356;
8; 54; 44.827; 0.010; 1.394; 2.510; 2.505; 0.355;
8; 54; 44.877; 0.010; 1.404; 2.510; 2.505; 0.358;
8; 54; 44.927; 0.010; 1.403; 2.510; 2.506; 0.356;
8; 54; 44.977; 0.010; 1.398; 2.509; 2.505; 0.358;
8; 54; 45.134;-0.010; 1.403; 2.510; 2.506; 0.357;
8; 54; 45.184;-0.010; 1.400; 2.510; 2.505; 0.359;
8; 54; 45.234;-0.010; 1.389; 2.510; 2.506; 0.357;
8; 54; 45.284;-0.010; 1.385; 2.510; 2.505; 0.356;
8; 54; 45.334;-0.010; 1.386; 2.510; 2.505; 0.361;
8; 54; 45.384;-0.010; 1.388; 2.510; 2.505; 0.356;
8; 54; 45.434;-0.010; 1.391; 2.510; 2.505; 0.362;
8; 54; 45.484;-0.010; 1.398; 2.510; 2.506; 0.360;
8; 54; 45.534;-0.010; 1.404; 2.510; 2.506; 0.358;
8; 54; 45.584;-0.010; 1.403; 2.510; 2.505; 0.361;
8; 54; 45.634;-0.010; 1.396; 2.510; 2.505; 0.360;
8; 54; 45.684;-0.010; 1.385; 2.510; 2.506; 0.359;
8; 54; 45.734;-0.010; 1.386; 2.509; 2.506; 0.359;
8; 54; 45.784;-0.010; 1.388; 2.509; 2.506; 0.360;
8; 54; 45.834;-0.010; 1.394; 2.510; 2.506; 0.360;
8; 54; 45.884;-0.010; 1.405; 2.510; 2.506; 0.363;
8; 54; 45.934;-0.010; 1.402; 2.509; 2.506; 0.361;
8; 54; 45.984;-0.010; 1.393; 2.510; 2.505; 0.359;
8; 54; 46.034;-0.010; 1.386; 2.510; 2.505; 0.359;
8; 54; 46.084;-0.010; 1.387; 2.509; 2.506; 0.365;
8; 54; 46.134;-0.010; 1.389; 2.510; 2.505; 0.362;
8; 54; 46.184;-0.010; 1.398; 2.510; 2.505; 0.363;
8; 54; 46.234;-0.010; 1.403; 2.510; 2.506; 0.361;
8; 54; 46.284;-0.010; 1.400; 2.509; 2.505; 0.362;
8; 54; 46.334;-0.010; 1.391; 2.510; 2.505; 0.362;
8; 54; 46.384;-0.010; 1.385; 2.509; 2.505; 0.364;
8; 54; 46.434;-0.010; 1.386; 2.510; 2.505; 0.368;
8; 54; 46.484;-0.010; 1.391; 2.510; 2.505; 0.362;
8; 54; 46.534;-0.010; 1.402; 2.510; 2.505; 0.364;
8; 54; 46.584;-0.010; 1.403; 2.510; 2.506; 0.364;
8; 54; 46.745; 0.000; 1.385; 2.510; 2.506; 0.365;
8; 54; 46.795; 0.000; 1.387; 2.509; 2.505; 0.369;
8; 54; 46.845; 0.000; 1.391; 2.510; 2.506; 0.364;
8; 54; 46.895; 0.000; 1.399; 2.510; 2.506; 0.365;
8; 54; 46.945; 0.000; 1.404; 2.511; 2.506; 0.366;
8; 54; 46.995; 0.000; 1.398; 2.510; 2.506; 0.367;
8; 54; 47.045; 0.000; 1.387; 2.509; 2.507; 0.367;
8; 54; 47.095; 0.000; 1.385; 2.510; 2.506; 0.368;
8; 54; 47.145; 0.000; 1.387; 2.510; 2.506; 0.367;
8; 54; 47.195; 0.000; 1.391; 2.510; 2.506; 0.367;
8; 54; 47.245; 0.000; 1.401; 2.511; 2.505; 0.367;
8; 54; 47.295; 0.000; 1.403; 2.510; 2.506; 0.368;
8; 54; 47.345; 0.000; 1.400; 2.510; 2.505; 0.368;
8; 54; 47.395; 0.000; 1.391; 2.509; 2.506; 0.368;
8; 54; 47.445; 0.000; 1.385; 2.509; 2.506; 0.369;
8; 54; 47.495; 0.000; 1.386; 2.510; 2.506; 0.372;
8; 54; 47.545; 0.000; 1.391; 2.511; 2.505; 0.368;
8; 54; 47.595; 0.000; 1.399; 2.510; 2.505; 0.369;
8; 54; 47.645; 0.000; 1.403; 2.510; 2.506; 0.370;
8; 54; 47.695; 0.000; 1.400; 2.510; 2.505; 0.370;
8; 54; 47.745; 0.000; 1.391; 2.509; 2.505; 0.369;
8; 54; 47.795; 0.000; 1.386; 2.510; 2.506; 0.371;
8; 54; 47.845; 0.000; 1.388; 2.509; 2.505; 0.370;
8; 54; 47.895; 0.000; 1.393; 2.510; 2.505; 0.372;
8; 54; 47.945; 0.000; 1.404; 2.510; 2.505; 0.372;
8; 54; 47.995; 0.000; 1.400; 2.510; 2.506; 0.370;
8; 54; 48.045; 0.000; 1.388; 2.510; 2.506; 0.369;
8; 54; 48.095; 0.000; 1.385; 2.510; 2.505; 0.372;
8; 54; 48.145; 0.000; 1.386; 2.510; 2.506; 0.373;
8; 54; 48.195; 0.000; 1.392; 2.510; 2.505; 0.370;
8; 54; 48.358; 0.030; 1.386; 2.509; 2.506; 0.372;
8; 54; 48.408; 0.030; 1.388; 2.509; 2.505; 0.373;
8; 54; 48.458; 0.030; 1.395; 2.510; 2.505; 0.373;
8; 54; 48.508; 0.030; 1.405; 2.510; 2.505; 0.374;
8; 54; 48.558; 0.030; 1.400; 2.510; 2.506; 0.374;
8; 54; 48.608; 0.030; 1.391; 2.509; 2.506; 0.372;
8; 54; 48.658; 0.030; 1.385; 2.510; 2.505; 0.372;
8; 54; 48.708; 0.030; 1.387; 2.509; 2.505; 0.376;
8; 54; 48.758; 0.030; 1.390; 2.509; 2.505; 0.375;
8; 54; 48.808; 0.030; 1.400; 2.510; 2.506; 0.375;
8; 54; 48.858; 0.030; 1.402; 2.510; 2.506; 0.375;
8; 54; 48.908; 0.030; 1.393; 2.510; 2.505; 0.375;
8; 54; 48.958; 0.030; 1.384; 2.510; 2.505; 0.373;
8; 54; 49.008; 0.030; 1.387; 2.509; 2.506; 0.378;
8; 54; 49.058; 0.030; 1.392; 2.510; 2.505; 0.376;
8; 54; 49.108; 0.030; 1.403; 2.509; 2.505; 0.377;
8; 54; 49.158; 0.030; 1.401; 2.509; 2.506; 0.377;
8; 54; 49.208; 0.030; 1.389; 2.509; 2.506; 0.377;
8; 54; 49.258; 0.030; 1.386; 2.510; 2.506; 0.375;
8; 54; 49.308; 0.030; 1.388; 2.510; 2.505; 0.378;
8; 54; 49.358; 0.030; 1.396; 2.510; 2.505; 0.379;
8; 54; 49.408; 0.030; 1.404; 2.510; 2.506; 0.377;
8; 54; 49.458; 0.030; 1.400; 2.510; 2.505; 0.378;
8; 54; 49.508; 0.030; 1.389; 2.510; 2.506; 0.377;
8; 54; 49.558; 0.030; 1.385; 2.510; 2.506; 0.378;
8; 54; 49.608; 0.030; 1.387; 2.509; 2.507; 0.378;
8; 54; 49.658; 0.030; 1.392; 2.511; 2.505; 0.379;
8; 54; 49.708; 0.030; 1.404; 2.510; 2.505; 0.380;
8; 54; 49.758; 0.030; 1.400; 2.511; 2.505; 0.380;
8; 54; 49.808; 0.030; 1.390; 2.510; 2.506; 0.378;
8; 54; 49.973; 0.000; 1.394; 2.510; 2.506; 0.381;
8; 54; 50.023; 0.000; 1.404; 2.509; 2.505; 0.382;
8; 54; 50.073; 0.000; 1.401; 2.510; 2.506; 0.381;
8; 54; 50.123; 0.000; 1.389; 2.510; 2.505; 0.380;
8; 54; 50.173; 0.000; 1.385; 2.510; 2.506; 0.382;
8; 54; 50.223; 0.000; 1.388; 2.509; 2.505; 0.381;
8; 54; 50.273; 0.000; 1.395; 2.509; 2.506; 0.382;
8; 54; 50.323; 0.000; 1.404; 2.510; 2.505; 0.382;
8; 54; 50.373; 0.000; 1.398; 2.510; 2.505; 0.382;
8; 54; 50.423; 0.000; 1.387; 2.511; 2.505; 0.384;
8; 54; 50.473; 0.000; 1.386; 2.510; 2.506; 0.380;
8; 54; 50.523; 0.000; 1.388; 2.509; 2.505; 0.383;
8; 54; 50.573; 0.000; 1.398; 2.510; 2.506; 0.384;
8; 54; 50.623; 0.000; 1.403; 2.511; 2.505; 0.382;
8; 54; 50.673; 0.000; 1.399; 2.511; 2.505; 0.384;
8; 54; 50.723; 0.000; 1.389; 2.510; 2.506; 0.383;
8; 54; 50.773; 0.000; 1.386; 2.509; 2.506; 0.385;
8; 54; 50.823; 0.000; 1.388; 2.510; 2.506; 0.384;
8; 54; 50.873; 0.000; 1.398; 2.510; 2.505; 0.385;
8; 54; 50.923; 0.000; 1.403; 2.510; 2.505; 0.385;
8; 54; 50.973; 0.000; 1.394; 2.510; 2.506; 0.386;
8; 54; 51.023; 0.000; 1.384; 2.510; 2.505; 0.382;
8; 54; 51.073; 0.000; 1.386; 2.509; 2.506; 0.387;
8; 54; 51.123; 0.000; 1.392; 2.510; 2.505; 0.384;
8; 54; 51.173; 0.000; 1.403; 2.510; 2.505; 0.386;
8; 54; 51.223; 0.000; 1.400; 2.510; 2.505; 0.386;
8; 54; 51.273; 0.000; 1.389; 2.510; 2.506; 0.387;
8; 54; 51.323; 0.000; 1.386; 2.509; 2.505; 0.385;
8; 54; 51.373; 0.000; 1.390; 2.510; 2.505; 0.388;
8; 54; 51.423; 0.000; 1.402; 2.509; 2.506; 0.387;
8; 54; 51.583; 0.000; 1.386; 2.510; 2.506; 0.387;
8; 54; 51.633; 0.000; 1.392; 2.508; 2.505; 0.388;
8; 54; 51.683; 0.000; 1.404; 2.509; 2.505; 0.389;
8; 54; 51.733; 0.000; 1.399; 2.510; 2.505; 0.389;
8; 54; 51.783; 0.000; 1.388; 2.510; 2.506; 0.390;
8; 54; 51.833; 0.000; 1.386; 2.509; 2.506; 0.387;
8; 54; 51.883; 0.000; 1.391; 2.509; 2.505; 0.390;
8; 54; 51.933; 0.000; 1.402; 2.510; 2.506; 0.389;
8; 54; 51.983; 0.000; 1.400; 2.510; 2.505; 0.389;
8; 54; 52.033; 0.000; 1.387; 2.509; 2.505; 0.392;
8; 54; 52.083; 0.000; 1.386; 2.510; 2.505; 0.387;
8; 54; 52.133; 0.000; 1.391; 2.509; 2.505; 0.391;
8; 54; 52.183; 0.000; 1.402; 2.509; 2.506; 0.390;
8; 54; 52.233; 0.000; 1.398; 2.510; 2.505; 0.391;
8; 54; 52.283; 0.000; 1.385; 2.510; 2.506; 0.390;
8; 54; 52.333; 0.000; 1.388; 2.509; 2.505; 0.392;
8; 54; 52.383; 0.000; 1.399; 2.510; 2.505; 0.392;
8; 54; 52.433; 0.000; 1.403; 2.510; 2.505; 0.391;
8; 54; 52.483; 0.000; 1.392; 2.509; 2.505; 0.393;
8; 54; 52.533; 0.000; 1.386; 2.509; 2.505; 0.391;
8; 54; 52.583; 0.000; 1.387; 2.510; 2.505; 0.393;
8; 54; 52.633; 0.000; 1.398; 2.509; 2.506; 0.393;
8; 54; 52.683; 0.000; 1.403; 2.510; 2.506; 0.392;
8; 54; 52.733; 0.000; 1.393; 2.509; 2.506; 0.393;
8; 54; 52.783; 0.000; 1.385; 2.511; 2.505; 0.393;
8; 54; 52.833; 0.000; 1.386; 2.511; 2.506; 0.395;
8; 54; 52.883; 0.000; 1.393; 2.510; 2.505; 0.392;
8; 54; 52.933; 0.000; 1.403; 2.510; 2.505; 0.395;
8; 54; 52.983; 0.000; 1.399; 2.510; 2.506; 0.394;
8; 54; 53.033; 0.000; 1.387; 2.510; 2.506; 0.395;
8; 54; 53.222; 0.000; 1.394; 2.510; 2.505; 0.396;
8; 54; 53.272; 0.000; 1.386; 2.510; 2.505; 0.396;
8; 54; 53.322; 0.000; 1.389; 2.509; 2.505; 0.395;
8; 54; 53.372; 0.000; 1.400; 2.511; 2.504; 0.396;
8; 54; 53.422; 0.000; 1.402; 2.510; 2.506; 0.396;
8; 54; 53.472; 0.000; 1.391; 2.509; 2.506; 0.396;
8; 54; 53.522; 0.000; 1.386; 2.509; 2.505; 0.397;
8; 54; 53.572; 0.000; 1.390; 2.510; 2.506; 0.396;
8; 54; 53.622; 0.000; 1.402; 2.510; 2.505; 0.397;
8; 54; 53.672; 0.000; 1.400; 2.510; 2.505; 0.397;
8; 54; 53.722; 0.000; 1.386; 2.510; 2.505; 0.397;
8; 54; 53.772; 0.000; 1.387; 2.510; 2.505; 0.397;
8; 54; 53.822; 0.000; 1.396; 2.510; 2.505; 0.398;
8; 54; 53.872; 0.000; 1.404; 2.509; 2.505; 0.398;
8; 54; 53.922; 0.000; 1.396; 2.509; 2.505; 0.398;
8; 54; 53.972; 0.000; 1.385; 2.509; 2.505; 0.397;
8; 54; 54.022; 0.000; 1.387; 2.510; 2.506; 0.400;
8; 54; 54.072; 0.000; 1.394; 2.509; 2.505; 0.399;
8; 54; 54.122; 0.000; 1.404; 2.509; 2.505; 0.399;
8; 54; 54.172; 0.000; 1.398; 2.509; 2.506; 0.399;
8; 54; 54.222; 0.000; 1.386; 2.511; 2.505; 0.400;
8; 54; 54.272; 0.000; 1.386; 2.510; 2.505; 0.400;
8; 54; 54.322; 0.000; 1.393; 2.510; 2.505; 0.399;
8; 54; 54.372; 0.000; 1.402; 2.509; 2.504; 0.401;
8; 54; 54.422; 0.000; 1.401; 2.511; 2.505; 0.401;
8; 54; 54.472; 0.000; 1.389; 2.510; 2.506; 0.401;
8; 54; 54.522; 0.000; 1.386; 2.509; 2.506; 0.401;
8; 54; 54.572; 0.000; 1.389; 2.510; 2.505; 0.402;
8; 54; 54.622; 0.000; 1.401; 2.509; 2.506; 0.402;
8; 54; 54.672; 0.000; 1.399; 2.510; 2.505; 0.402;
8; 54; 54.840; 0.020; 1.398; 2.509; 2.506; 0.402;
8; 54; 54.890; 0.020; 1.402; 2.510; 2.504; 0.403;
8; 54; 54.940; 0.020; 1.391; 2.510; 2.505; 0.403;
8; 54; 54.990; 0.020; 1.385; 2.508; 2.506; 0.402;
8; 54; 55.040; 0.020; 1.388; 2.511; 2.505; 0.403;
8; 54; 55.090; 0.020; 1.398; 2.510; 2.506; 0.403;
8; 54; 55.140; 0.020; 1.404; 2.510; 2.505; 0.403;
8; 54; 55.190; 0.020; 1.399; 2.511; 2.505; 0.404;
8; 54; 55.240; 0.020; 1.389; 2.509; 2.506; 0.403;
8; 54; 55.290; 0.020; 1.386; 2.509; 2.505; 0.405;
8; 54; 55.340; 0.020; 1.389; 2.509; 2.506; 0.404;
8; 54; 55.390; 0.020; 1.396; 2.509; 2.505; 0.405;
8; 54; 55.440; 0.020; 1.404; 2.509; 2.506; 0.405;
8; 54; 55.490; 0.020; 1.400; 2.509; 2.505; 0.406;
8; 54; 55.540; 0.020; 1.389; 2.509; 2.506; 0.405;
8; 54; 55.590; 0.020; 1.386; 2.510; 2.506; 0.407;
8; 54; 55.640; 0.020; 1.387; 2.510; 2.506; 0.405;
8; 54; 55.690; 0.020; 1.394; 2.509; 2.505; 0.407;
8; 54; 55.740; 0.020; 1.404; 2.511; 2.506; 0.406;
8; 54; 55.790; 0.020; 1.399; 2.510; 2.505; 0.407;
8; 54; 55.840; 0.020; 1.388; 2.509; 2.505; 0.407;
8; 54; 55.890; 0.020; 1.386; 2.509; 2.506; 0.406;
8; 54; 55.940; 0.020; 1.391; 2.510; 2.505; 0.407;
8; 54; 55.990; 0.020; 1.402; 2.509; 2.505; 0.407;
8; 54; 56.040; 0.020; 1.400; 2.510; 2.506; 0.407;
8; 54; 56.090; 0.020; 1.387; 2.510; 2.506; 0.409;
8; 54; 56.140; 0.020; 1.386; 2.509; 2.505; 0.406;
8; 54; 56.190; 0.020; 1.392; 2.509; 2.506; 0.408;
8; 54; 56.240; 0.020; 1.402; 2.509; 2.506; 0.408;
8; 54; 56.290; 0.020; 1.401; 2.510; 2.506; 0.408;
8; 54; 56.456; 0.000; 1.402; 2.511; 2.505; 0.409;
8; 54; 56.506; 0.000; 1.392; 2.510; 2.506; 0.410;
8; 54; 56.556; 0.000; 1.385; 2.508; 2.507; 0.409;
8; 54; 56.606; 0.000; 1.388; 2.510; 2.506; 0.409;
8; 54; 56.656; 0.000; 1.393; 2.511; 2.505; 0.411;
8; 54; 56.706; 0.000; 1.403; 2.510; 2.506; 0.411;
8; 54; 56.756; 0.000; 1.398; 2.509; 2.505; 0.411;
8; 54; 56.806; 0.000; 1.386; 2.510; 2.506; 0.412;
8; 54; 56.856; 0.000; 1.386; 2.510; 2.506; 0.410;
8; 54; 56.906; 0.000; 1.393; 2.510; 2.505; 0.411;
8; 54; 56.956; 0.000; 1.403; 2.509; 2.506; 0.411;
8; 54; 57.006; 0.000; 1.398; 2.509; 2.506; 0.412;
8; 54; 57.056; 0.000; 1.385; 2.509; 2.506; 0.411;
8; 54; 57.106; 0.000; 1.387; 2.510; 2.505; 0.412;
8; 54; 57.156; 0.000; 1.396; 2.510; 2.506; 0.414;
8; 54; 57.206; 0.000; 1.403; 2.510; 2.506; 0.412;
8; 54; 57.256; 0.000; 1.395; 2.509; 2.506; 0.413;
8; 54; 57.306; 0.000; 1.385; 2.509; 2.505; 0.413;
8; 54; 57.356; 0.000; 1.388; 2.509; 2.506; 0.413;
8; 54; 57.406; 0.000; 1.397; 2.510; 2.506; 0.414;
8; 54; 57.456; 0.000; 1.402; 2.511; 2.505; 0.414;
8; 54; 57.506; 0.000; 1.391; 2.509; 2.506; 0.414;
8; 54; 57.556; 0.000; 1.385; 2.509; 2.506; 0.414;
8; 54; 57.606; 0.000; 1.388; 2.510; 2.505; 0.414;
8; 54; 57.656; 0.000; 1.399; 2.508; 2.505; 0.415;
8; 54; 57.706; 0.000; 1.403; 2.509; 2.506; 0.415;
8; 54; 57.756; 0.000; 1.398; 2.510; 2.505; 0.415;
8; 54; 57.806; 0.000; 1.385; 2.510; 2.506; 0.417;
8; 54; 57.856; 0.000; 1.387; 2.509; 2.506; 0.414;
8; 54; 57.906; 0.000; 1.391; 2.510; 2.506; 0.415;
8; 54; 58.081; 0.010; 1.404; 2.510; 2.506; 0.417;
8; 54; 58.131; 0.010; 1.401; 2.509; 2.505; 0.417;
8; 54; 58.181; 0.010; 1.390; 2.510; 2.506; 0.417;
8; 54; 58.231; 0.010; 1.386; 2.510; 2.505; 0.416;
8; 54; 58.281; 0.010; 1.387; 2.510; 2.505; 0.418;
8; 54; 58.331; 0.010; 1.392; 2.510; 2.506; 0.417;
8; 54; 58.381; 0.010; 1.402; 2.511; 2.505; 0.417;
8; 54; 58.431; 0.010; 1.403; 2.510; 2.505; 0.418;
8; 54; 58.481; 0.010; 1.395; 2.509; 2.505; 0.417;
8; 54; 58.531; 0.010; 1.385; 2.510; 2.506; 0.419;
8; 54; 58.581; 0.010; 1.386; 2.510; 2.505; 0.419;
8; 54; 58.631; 0.010; 1.392; 2.510; 2.506; 0.418;
8; 54; 58.681; 0.010; 1.403; 2.510; 2.506; 0.419;
8; 54; 58.731; 0.010; 1.399; 2.511; 2.506; 0.419;
8; 54; 58.781; 0.010; 1.388; 2.509; 2.506; 0.420;
8; 54; 58.831; 0.010; 1.386; 2.509; 2.506; 0.418;
8; 54; 58.881; 0.010; 1.391; 2.510; 2.505; 0.419;
8; 54; 58.931; 0.010; 1.402; 2.510; 2.505; 0.420;
8; 54; 58.981; 0.010; 1.399; 2.511; 2.506; 0.420;
8; 54; 59.031; 0.010; 1.389; 2.510; 2.505; 0.420;
8; 54; 59.081; 0.010; 1.385; 2.509; 2.505; 0.421;
8; 54; 59.131; 0.010; 1.389; 2.509; 2.506; 0.420;
8; 54; 59.181; 0.010; 1.399; 2.510; 2.505; 0.421;
8; 54; 59.231; 0.010; 1.401; 2.510; 2.506; 0.421;
8; 54; 59.281; 0.010; 1.390; 2.510; 2.505; 0.420;
8; 54; 59.331; 0.010; 1.385; 2.510; 2.506; 0.421;
8; 54; 59.381; 0.010; 1.390; 2.509; 2.505; 0.421;
8; 54; 59.431; 0.010; 1.399; 2.510; 2.506; 0.422;
8; 54; 59.481; 0.010; 1.402; 2.511; 2.505; 0.422;
8; 54; 59.531; 0.010; 1.392; 2.510; 2.507; 0.422;
8; 54; 59.696; 0.000; 1.387; 2.510; 2.506; 0.423;
8; 54; 59.746; 0.000; 1.393; 2.509; 2.505; 0.421;
8; 54; 59.796; 0.000; 1.404; 2.509; 2.506; 0.424;
8; 54; 59.846; 0.000; 1.400; 2.510; 2.506; 0.424;
8; 54; 59.896; 0.000; 1.388; 2.510; 2.505; 0.423;
8; 54; 59.946; 0.000; 1.386; 2.509; 2.506; 0.425;
8; 54; 59.996; 0.000; 1.388; 2.511; 2.505; 0.424;
8; 54; 60.046; 0.000; 1.397; 2.510; 2.505; 0.425;
8; 54; 60.096; 0.000; 1.403; 2.511; 2.505; 0.424;
8; 54; 60.146; 0.000; 1.398; 2.509; 2.505; 0.425;
8; 54; 60.196; 0.000; 1.386; 2.510; 2.505; 0.426;
8; 54; 60.246; 0.000; 1.386; 2.510; 2.506; 0.423;
8; 54; 60.296; 0.000; 1.389; 2.510; 2.506; 0.426;
8; 54; 60.346; 0.000; 1.399; 2.510; 2.505; 0.426;
8; 54; 60.396; 0.000; 1.402; 2.510; 2.506; 0.426;
8; 54; 60.446; 0.000; 1.394; 2.509; 2.505; 0.426;
8; 54; 60.496; 0.000; 1.385; 2.510; 2.506; 0.425;
8; 54; 60.546; 0.000; 1.387; 2.509; 2.505; 0.428;
8; 54; 60.596; 0.000; 1.392; 2.509; 2.505; 0.426;
8; 54; 60.646; 0.000; 1.402; 2.509; 2.505; 0.427;
8; 54; 60.696; 0.000; 1.401; 2.510; 2.506; 0.426;
8; 54; 60.746; 0.000; 1.391; 2.510; 2.506; 0.427;
8; 54; 60.796; 0.000; 1.385; 2.510; 2.505; 0.427;
8; 54; 60.846; 0.000; 1.390; 2.510; 2.506; 0.426;
8; 54; 60.896; 0.000; 1.400; 2.510; 2.506; 0.428;
8; 54; 60.946; 0.000; 1.402; 2.510; 2.505; 0.427;
8; 54; 60.996; 0.000; 1.392; 2.510; 2.505; 0.428;
8; 54; 61.046; 0.000; 1.385; 2.511; 2.506; 0.427;
8; 54; 61.096; 0.000; 1.387; 2.510; 2.505; 0.429;
8; 54; 61.146; 0.000; 1.393; 2.511; 2.506; 0.428;
8; 55; 1.304; 0.000; 1.390; 2.510; 2.506; 0.430;
8; 55; 1.354; 0.000; 1.402; 2.509; 2.505; 0.429;
8; 55; 1.404; 0.000; 1.399; 2.510; 2.506; 0.430;
8; 55; 1.454; 0.000; 1.387; 2.509; 2.506; 0.431;
8; 55; 1.504; 0.000; 1.386; 2.509; 2.505; 0.430;
8; 55; 1.554; 0.000; 1.392; 2.509; 2.505; 0.430;
8; 55; 1.604; 0.000; 1.404; 2.510; 2.505; 0.431;
8; 55; 1.654; 0.000; 1.399; 2.511; 2.505; 0.431;
8; 55; 1.704; 0.000; 1.388; 2.509; 2.506; 0.430;
8; 55; 1.754; 0.000; 1.386; 2.509; 2.505; 0.432;
8; 55; 1.804; 0.000; 1.389; 2.509; 2.505; 0.431;
8; 55; 1.854; 0.000; 1.399; 2.511; 2.505; 0.432;
8; 55; 1.904; 0.000; 1.403; 2.510; 2.506; 0.432;
8; 55; 1.954; 0.000; 1.392; 2.510; 2.506; 0.432;
8; 55; 2.004; 0.000; 1.385; 2.509; 2.506; 0.432;
8; 55; 2.054; 0.000; 1.387; 2.510; 2.505; 0.433;
8; 55; 2.104; 0.000; 1.400; 2.510; 2.505; 0.433;
8; 55; 2.154; 0.000; 1.402; 2.511; 2.505; 0.433;
8; 55; 2.204; 0.000; 1.393; 2.510; 2.506; 0.433;
8; 55; 2.254; 0.000; 1.386; 2.509; 2.504; 0.433;
8; 55; 2.304; 0.000; 1.387; 2.510; 2.506; 0.433;
8; 55; 2.354; 0.000; 1.396; 2.510; 2.506; 0.434;
8; 55; 2.404; 0.000; 1.402; 2.509; 2.506; 0.434;
8; 55; 2.454; 0.000; 1.394; 2.508; 2.506; 0.434;
8; 55; 2.504; 0.000; 1.385; 2.510; 2.505; 0.434;
8; 55; 2.554; 0.000; 1.387; 2.510; 2.505; 0.434;
8; 55; 2.604; 0.000; 1.398; 2.510; 2.505; 0.435;
8; 55; 2.654; 0.000; 1.404; 2.510; 2.505; 0.434;
8; 55; 2.704; 0.000; 1.398; 2.510; 2.505; 0.435;
8; 55; 2.754; 0.000; 1.388; 2.510; 2.505; 0.434;
8; 55; 2.915; 0.020; 1.385; 2.510; 2.505; 0.436;
8; 55; 2.965; 0.020; 1.387; 2.511; 2.505; 0.435;
8; 55; 3.015; 0.020; 1.397; 2.510; 2.506; 0.436;
8; 55; 3.065; 0.020; 1.403; 2.510; 2.505; 0.436;
8; 55; 3.115; 0.020; 1.399; 2.510; 2.505; 0.436;
8; 55; 3.165; 0.020; 1.388; 2.510; 2.505; 0.437;
8; 55; 3.215; 0.020; 1.385; 2.510; 2.506; 0.438;
8; 55; 3.265; 0.020; 1.388; 2.510; 2.505; 0.438;
8; 55; 3.315; 0.020; 1.394; 2.510; 2.506; 0.437;
8; 55; 3.365; 0.020; 1.404; 2.509; 2.505; 0.437;
8; 55; 3.415; 0.020; 1.398; 2.510; 2.506; 0.438;
8; 55; 3.465; 0.020; 1.387; 2.509; 2.506; 0.437;
8; 55; 3.515; 0.020; 1.386; 2.509; 2.506; 0.439;
8; 55; 3.565; 0.020; 1.389; 2.510; 2.505; 0.438;
8; 55; 3.615; 0.020; 1.397; 2.509; 2.505; 0.439;
8; 55; 3.665; 0.020; 1.404; 2.511; 2.505; 0.438;
8; 55; 3.715; 0.020; 1.399; 2.510; 2.505; 0.439;
8; 55; 3.765; 0.020; 1.386; 2.510; 2.505; 0.440;
8; 55; 3.815; 0.020; 1.386; 2.510; 2.506; 0.439;
8; 55; 3.865; 0.020; 1.391; 2.510; 2.505; 0.439;
8; 55; 3.915; 0.020; 1.402; 2.510; 2.506; 0.440;
8; 55; 3.965; 0.020; 1.400; 2.511; 2.505; 0.440;
8; 55; 4.015; 0.020; 1.390; 2.510; 2.506; 0.439;
8; 55; 4.065; 0.020; 1.386; 2.510; 2.505; 0.441;
8; 55; 4.115; 0.020; 1.389; 2.510; 2.505; 0.440;
8; 55; 4.165; 0.020; 1.400; 2.511; 2.505; 0.441;
8; 55; 4.215; 0.020; 1.403; 2.510; 2.506; 0.441;
8; 55; 4.265; 0.020; 1.395; 2.510; 2.505; 0.441;
8; 55; 4.315; 0.020; 1.386; 2.509; 2.506; 0.442;
8; 55; 4.365; 0.020; 1.386; 2.509; 2.506; 0.440;
8; 55; 4.530; 0.020; 1.401; 2.509; 2.506; 0.442;
8; 55; 4.580; 0.020; 1.391; 2.510; 2.505; 0.443;
8; 55; 4.630; 0.020; 1.385; 2.510; 2.505; 0.441;
8; 55; 4.680; 0.020; 1.387; 2.509; 2.506; 0.444;
8; 55; 4.730; 0.020; 1.391; 2.510; 2.505; 0.443;
8; 55; 4.780; 0.020; 1.402; 2.510; 2.505; 0.442;
8; 55; 4.830; 0.020; 1.401; 2.510; 2.506; 0.443;
8; 55; 4.880; 0.020; 1.393; 2.510; 2.506; 0.444;
8; 55; 4.930; 0.020; 1.386; 2.510; 2.506; 0.442;
8; 55; 4.980; 0.020; 1.388; 2.510; 2.505; 0.445;
8; 55; 5.030; 0.020; 1.393; 2.509; 2.506; 0.445;
8; 55; 5.080; 0.020; 1.404; 2.509; 2.506; 0.445;
8; 55; 5.130; 0.020; 1.400; 2.511; 2.505; 0.444;
8; 55; 5.180; 0.020; 1.390; 2.509; 2.506; 0.445;
8; 55; 5.230; 0.020; 1.386; 2.509; 2.506; 0.444;
8; 55; 5.280; 0.020; 1.387; 2.511; 2.506; 0.444;
8; 55; 5.330; 0.020; 1.395; 2.511; 2.506; 0.445;
8; 55; 5.380; 0.020; 1.404; 2.510; 2.506; 0.446;
8; 55; 5.430; 0.020; 1.400; 2.509; 2.505; 0.446;
8; 55; 5.480; 0.020; 1.389; 2.510; 2.505; 0.445;
8; 55; 5.530; 0.020; 1.386; 2.508; 2.506; 0.447;
8; 55; 5.580; 0.020; 1.388; 2.510; 2.505; 0.446;
8; 55; 5.630; 0.020; 1.394; 2.510; 2.505; 0.447;
8; 55; 5.680; 0.020; 1.403; 2.510; 2.505; 0.446;
8; 55; 5.730; 0.020; 1.402; 2.509; 2.506; 0.446;
8; 55; 5.780; 0.020; 1.395; 2.511; 2.505; 0.447;
8; 55; 5.830; 0.020; 1.386; 2.510; 2.505; 0.449;
8; 55; 5.880; 0.020; 1.386; 2.509; 2.505; 0.446;
8; 55; 5.930; 0.020; 1.390; 2.510; 2.505; 0.448;
8; 55; 5.980; 0.020; 1.402; 2.510; 2.505; 0.447;
8; 55; 6.136; 0.020; 1.404; 2.510; 2.506; 0.449;
8; 55; 6.186; 0.020; 1.398; 2.509; 2.505; 0.449;
8; 55; 6.236; 0.020; 1.388; 2.511; 2.506; 0.448;
8; 55; 6.286; 0.020; 1.386; 2.510; 2.505; 0.450;
8; 55; 6.336; 0.020; 1.389; 2.509; 2.505; 0.449;
8; 55; 6.386; 0.020; 1.399; 2.509; 2.506; 0.449;
8; 55; 6.436; 0.020; 1.403; 2.509; 2.505; 0.450;
8; 55; 6.486; 0.020; 1.397; 2.509; 2.506; 0.449;
8; 55; 6.536; 0.020; 1.383; 2.511; 2.505; 0.452;
8; 55; 6.586; 0.020; 1.388; 2.509; 2.506; 0.448;
8; 55; 6.636; 0.020; 1.389; 2.512; 2.505; 0.452;
8; 55; 6.686; 0.020; 1.401; 2.509; 2.505; 0.450;
8; 55; 6.736; 0.020; 1.402; 2.509; 2.506; 0.450;
8; 55; 6.786; 0.020; 1.395; 2.510; 2.505; 0.451;
8; 55; 6.836; 0.020; 1.386; 2.509; 2.506; 0.452;
8; 55; 6.886; 0.020; 1.386; 2.509; 2.505; 0.451;
8; 55; 6.936; 0.020; 1.391; 2.509; 2.505; 0.452;
8; 55; 6.986; 0.020; 1.402; 2.509; 2.505; 0.451;
8; 55; 7.036; 0.020; 1.402; 2.510; 2.506; 0.452;
8; 55; 7.086; 0.020; 1.391; 2.510; 2.505; 0.452;
8; 55; 7.136; 0.020; 1.385; 2.511; 2.506; 0.453;
8; 55; 7.186; 0.020; 1.388; 2.510; 2.505; 0.452;
8; 55; 7.236; 0.020; 1.396; 2.510; 2.505; 0.454;
8; 55; 7.286; 0.020; 1.403; 2.509; 2.506; 0.453;
8; 55; 7.336; 0.020; 1.398; 2.509; 2.506; 0.453;
8; 55; 7.386; 0.020; 1.387; 2.510; 2.505; 0.454;
8; 55; 7.436; 0.020; 1.387; 2.510; 2.506; 0.454;
8; 55; 7.486; 0.020; 1.394; 2.510; 2.505; 0.453;
8; 55; 7.536; 0.020; 1.403; 2.510; 2.506; 0.454;
8; 55; 7.586; 0.020; 1.395; 2.510; 2.505; 0.455;
8; 55; 7.830;-0.010; 1.403; 2.510; 2.506; 0.455;
8; 55; 7.880;-0.010; 1.399; 2.509; 2.505; 0.455;
8; 55; 7.930;-0.010; 1.386; 2.510; 2.505; 0.456;
8; 55; 7.980;-0.010; 1.387; 2.509; 2.506; 0.455;
8; 55; 8.030;-0.010; 1.391; 2.509; 2.505; 0.456;
8; 55; 8.080;-0.010; 1.403; 2.511; 2.504; 0.456;
8; 55; 8.130;-0.010; 1.399; 2.509; 2.506; 0.457;
8; 55; 8.180;-0.010; 1.387; 2.510; 2.505; 0.457;
8; 55; 8.230;-0.010; 1.387; 2.509; 2.506; 0.456;
8; 55; 8.280;-0.010; 1.392; 2.510; 2.505; 0.456;
8; 55; 8.330;-0.010; 1.403; 2.510; 2.506; 0.457;
8; 55; 8.380;-0.010; 1.398; 2.511; 2.506; 0.457;
8; 55; 8.430;-0.010; 1.385; 2.510; 2.506; 0.457;
8; 55; 8.480;-0.010; 1.387; 2.510; 2.505; 0.458;
8; 55; 8.530;-0.010; 1.392; 2.510; 2.505; 0.456;
8; 55; 8.580;-0.010; 1.403; 2.511; 2.505; 0.457;
8; 55; 8.630;-0.010; 1.400; 2.510; 2.506; 0.458;
8; 55; 8.680;-0.010; 1.389; 2.510; 2.506; 0.458;
8; 55; 8.730;-0.010; 1.386; 2.510; 2.506; 0.458;
8; 55; 8.780;-0.010; 1.391; 2.509; 2.505; 0.459;
8; 55; 8.830;-0.010; 1.402; 2.510; 2.506; 0.459;
8; 55; 8.880;-0.010; 1.399; 2.510; 2.505; 0.459;
8; 55; 8.930;-0.010; 1.387; 2.510; 2.505; 0.460;
8; 55; 8.980;-0.010; 1.386; 2.509; 2.506; 0.459;
8; 55; 9.030;-0.010; 1.392; 2.509; 2.505; 0.460;
8; 55; 9.080;-0.010; 1.403; 2.511; 2.505; 0.460;
8; 55; 9.130;-0.010; 1.400; 2.510; 2.506; 0.459;
8; 55; 9.180;-0.010; 1.388; 2.510; 2.506; 0.460;
8; 55; 9.230;-0.010; 1.386; 2.510; 2.506; 0.460;
8; 55; 9.280;-0.010; 1.392; 2.510; 2.506; 0.460;
8; 55; 9.444; 0.000; 1.400; 2.510; 2.506; 0.461;
8; 55; 9.494; 0.000; 1.388; 2.509; 2.505; 0.462;
8; 55; 9.544; 0.000; 1.386; 2.510; 2.506; 0.462;
8; 55; 9.594; 0.000; 1.392; 2.510; 2.505; 0.461;
8; 55; 9.644; 0.000; 1.403; 2.510; 2.506; 0.462;
8; 55; 9.694; 0.000; 1.399; 2.510; 2.506; 0.462;
8; 55; 9.744; 0.000; 1.388; 2.510; 2.505; 0.462;
8; 55; 9.794; 0.000; 1.387; 2.510; 2.505; 0.462;
8; 55; 9.844; 0.000; 1.392; 2.510; 2.505; 0.462;
8; 55; 9.894; 0.000; 1.403; 2.510; 2.505; 0.463;
8; 55; 9.944; 0.000; 1.398; 2.510; 2.506; 0.463;
8; 55; 9.994; 0.000; 1.388; 2.509; 2.506; 0.463;
8; 55; 10.044; 0.000; 1.385; 2.509; 2.505; 0.464;
8; 55; 10.094; 0.000; 1.388; 2.510; 2.505; 0.464;
8; 55; 10.144; 0.000; 1.395; 2.510; 2.506; 0.464;
8; 55; 10.194; 0.000; 1.404; 2.510; 2.505; 0.464;
8; 55; 10.244; 0.000; 1.399; 2.510; 2.505; 0.464;
8; 55; 10.294; 0.000; 1.387; 2.511; 2.505; 0.464;
8; 55; 10.344; 0.000; 1.385; 2.510; 2.505; 0.465;
8; 55; 10.394; 0.000; 1.388; 2.510; 2.505; 0.465;
8; 55; 10.444; 0.000; 1.399; 2.509; 2.506; 0.465;
8; 55; 10.494; 0.000; 1.402; 2.510; 2.506; 0.465;
8; 55; 10.544; 0.000; 1.397; 2.511; 2.505; 0.465;
8; 55; 10.594; 0.000; 1.386; 2.509; 2.506; 0.466;
8; 55; 10.644; 0.000; 1.386; 2.510; 2.505; 0.464;
8; 55; 10.694; 0.000; 1.390; 2.510; 2.506; 0.466;
8; 55; 10.744; 0.000; 1.398; 2.510; 2.505; 0.466;
8; 55; 10.794; 0.000; 1.403; 2.510; 2.506; 0.466;
8; 55; 10.844; 0.000; 1.397; 2.511; 2.505; 0.466;
8; 55; 10.894; 0.000; 1.387; 2.511; 2.506; 0.466;
8; 55; 11.058; 0.000; 1.399; 2.510; 2.505; 0.467;
8; 55; 11.108; 0.000; 1.402; 2.509; 2.505; 0.467;
8; 55; 11.158; 0.000; 1.391; 2.510; 2.505; 0.467;
8; 55; 11.208; 0.000; 1.385; 2.510; 2.506; 0.467;
8; 55; 11.258; 0.000; 1.388; 2.510; 2.505; 0.467;
8; 55; 11.308; 0.000; 1.397; 2.510; 2.505; 0.468;
8; 55; 11.358; 0.000; 1.403; 2.510; 2.505; 0.468;
8; 55; 11.408; 0.000; 1.395; 2.510; 2.506; 0.468;
8; 55; 11.458; 0.000; 1.385; 2.510; 2.505; 0.467;
8; 55; 11.508; 0.000; 1.388; 2.509; 2.506; 0.470;
8; 55; 11.558; 0.000; 1.395; 2.510; 2.504; 0.469;
8; 55; 11.608; 0.000; 1.404; 2.509; 2.506; 0.469;
8; 55; 11.658; 0.000; 1.399; 2.509; 2.505; 0.469;
8; 55; 11.708; 0.000; 1.389; 2.509; 2.506; 0.470;
8; 55; 11.758; 0.000; 1.387; 2.510; 2.506; 0.469;
8; 55; 11.808; 0.000; 1.392; 2.511; 2.506; 0.470;
8; 55; 11.858; 0.000; 1.403; 2.509; 2.506; 0.469;
8; 55; 11.908; 0.000; 1.399; 2.510; 2.505; 0.470;
8; 55; 11.958; 0.000; 1.388; 2.510; 2.506; 0.469;
8; 55; 12.008; 0.000; 1.386; 2.508; 2.505; 0.471;
8; 55; 12.058; 0.000; 1.389; 2.509; 2.505; 0.471;
8; 55; 12.108; 0.000; 1.397; 2.510; 2.506; 0.471;
8; 55; 12.158; 0.000; 1.404; 2.509; 2.506; 0.470;
8; 55; 12.208; 0.000; 1.398; 2.511; 2.505; 0.472;
8; 55; 12.258; 0.000; 1.387; 2.510; 2.505; 0.472;
8; 55; 12.308; 0.000; 1.386; 2.510; 2.505; 0.471;
8; 55; 12.358; 0.000; 1.392; 2.510; 2.506; 0.471;
8; 55; 12.408; 0.000; 1.402; 2.509; 2.506; 0.472;
8; 55; 12.458; 0.000; 1.401; 2.510; 2.505; 0.472;
8; 55; 12.508; 0.000; 1.391; 2.509; 2.506; 0.472;
8; 55; 12.674; 0.010; 1.402; 2.510; 2.505; 0.472;
8; 55; 12.724; 0.010; 1.393; 2.510; 2.506; 0.474;
8; 55; 12.774; 0.010; 1.386; 2.509; 2.506; 0.473;
8; 55; 12.824; 0.010; 1.388; 2.510; 2.505; 0.473;
8; 55; 12.874; 0.010; 1.398; 2.508; 2.505; 0.474;
8; 55; 12.924; 0.010; 1.403; 2.510; 2.506; 0.473;
8; 55; 12.974; 0.010; 1.399; 2.509; 2.505; 0.474;
8; 55; 13.024; 0.010; 1.390; 2.510; 2.505; 0.475;
8; 55; 13.074; 0.010; 1.386; 2.510; 2.505; 0.473;
8; 55; 13.124; 0.010; 1.387; 2.510; 2.505; 0.476;
8; 55; 13.174; 0.010; 1.393; 2.509; 2.505; 0.474;
8; 55; 13.224; 0.010; 1.403; 2.510; 2.505; 0.475;
8; 55; 13.274; 0.010; 1.402; 2.509; 2.505; 0.475;
8; 55; 13.324; 0.010; 1.395; 2.510; 2.506; 0.475;
8; 55; 13.374; 0.010; 1.385; 2.509; 2.506; 0.475;
8; 55; 13.424; 0.010; 1.386; 2.509; 2.506; 0.475;
8; 55; 13.474; 0.010; 1.388; 2.510; 2.505; 0.475;
8; 55; 13.524; 0.010; 1.393; 2.509; 2.505; 0.476;
8; 55; 13.574; 0.010; 1.402; 2.510; 2.505; 0.476;
8; 55; 13.624; 0.010; 1.401; 2.510; 2.506; 0.476;
8; 55; 13.674; 0.010; 1.393; 2.509; 2.506; 0.476;
8; 55; 13.724; 0.010; 1.386; 2.509; 2.505; 0.475;
8; 55; 13.774; 0.010; 1.387; 2.510; 2.505; 0.477;
8; 55; 13.824; 0.010; 1.393; 2.511; 2.505; 0.477;
8; 55; 13.874; 0.010; 1.403; 2.510; 2.506; 0.478;
8; 55; 13.924; 0.010; 1.400; 2.509; 2.505; 0.477;
8; 55; 13.974; 0.010; 1.390; 2.510; 2.505; 0.478;
8; 55; 14.024; 0.010; 1.386; 2.509; 2.505; 0.477;
8; 55; 14.074; 0.010; 1.387; 2.509; 2.505; 0.478;
8; 55; 14.124; 0.010; 1.393; 2.510; 2.505; 0.477;
8; 55; 14.286; 0.000; 1.387; 2.509; 2.505; 0.479;
8; 55; 14.336; 0.000; 1.391; 2.510; 2.505; 0.478;
8; 55; 14.386; 0.000; 1.402; 2.510; 2.505; 0.479;
8; 55; 14.436; 0.000; 1.403; 2.510; 2.505; 0.479;
8; 55; 14.486; 0.000; 1.398; 2.509; 2.505; 0.480;
8; 55; 14.536; 0.000; 1.387; 2.510; 2.506; 0.479;
8; 55; 14.586; 0.000; 1.386; 2.509; 2.506; 0.480;
8; 55; 14.636; 0.000; 1.388; 2.510; 2.505; 0.480;
8; 55; 14.686; 0.000; 1.396; 2.509; 2.506; 0.480;
8; 55; 14.736; 0.000; 1.404; 2.510; 2.505; 0.480;
8; 55; 14.786; 0.000; 1.400; 2.510; 2.505; 0.480;
8; 55; 14.836; 0.000; 1.390; 2.510; 2.506; 0.481;
8; 55; 14.886; 0.000; 1.386; 2.509; 2.505; 0.479;
8; 55; 14.936; 0.000; 1.387; 2.511; 2.505; 0.482;
8; 55; 14.986; 0.000; 1.392; 2.510; 2.506; 0.481;
8; 55; 15.036; 0.000; 1.403; 2.510; 2.505; 0.481;
8; 55; 15.086; 0.000; 1.402; 2.510; 2.506; 0.481;
8; 55; 15.136; 0.000; 1.396; 2.510; 2.505; 0.481;
8; 55; 15.186; 0.000; 1.388; 2.510; 2.505; 0.482;
8; 55; 15.236; 0.000; 1.385; 2.510; 2.506; 0.482;
8; 55; 15.286; 0.000; 1.386; 2.510; 2.504; 0.482;
8; 55; 15.336; 0.000; 1.390; 2.510; 2.505; 0.482;
8; 55; 15.386; 0.000; 1.399; 2.510; 2.505; 0.483;
8; 55; 15.436; 0.000; 1.403; 2.510; 2.506; 0.483;
8; 55; 15.486; 0.000; 1.397; 2.510; 2.505; 0.483;
8; 55; 15.536; 0.000; 1.387; 2.509; 2.506; 0.482;
8; 55; 15.586; 0.000; 1.386; 2.509; 2.505; 0.483;
8; 55; 15.636; 0.000; 1.387; 2.510; 2.505; 0.484;
8; 55; 15.686; 0.000; 1.390; 2.509; 2.506; 0.483;
8; 55; 15.736; 0.000; 1.398; 2.510; 2.505; 0.484;
8; 55; 15.901; 0.010; 1.401; 2.510; 2.506; 0.484;
8; 55; 15.951; 0.010; 1.393; 2.510; 2.506; 0.484;
8; 55; 16.001; 0.010; 1.385; 2.510; 2.505; 0.486;
8; 55; 16.051; 0.010; 1.387; 2.509; 2.506; 0.483;
8; 55; 16.101; 0.010; 1.389; 2.511; 2.505; 0.485;
8; 55; 16.151; 0.010; 1.394; 2.510; 2.505; 0.485;
8; 55; 16.201; 0.010; 1.404; 2.511; 2.506; 0.485;
8; 55; 16.251; 0.010; 1.402; 2.510; 2.506; 0.485;
8; 55; 16.301; 0.010; 1.397; 2.510; 2.505; 0.485;
8; 55; 16.351; 0.010; 1.388; 2.510; 2.506; 0.486;
8; 55; 16.401; 0.010; 1.386; 2.509; 2.506; 0.487;
8; 55; 16.451; 0.010; 1.386; 2.510; 2.505; 0.484;
8; 55; 16.501; 0.010; 1.388; 2.511; 2.505; 0.486;
8; 55; 16.551; 0.010; 1.394; 2.509; 2.506; 0.487;
8; 55; 16.601; 0.010; 1.402; 2.509; 2.505; 0.486;
8; 55; 16.651; 0.010; 1.403; 2.510; 2.505; 0.486;
8; 55; 16.701; 0.010; 1.400; 2.511; 2.505; 0.487;
8; 55; 16.751; 0.010; 1.394; 2.510; 2.505; 0.487;
8; 55; 16.801; 0.010; 1.385; 2.510; 2.506; 0.487;
8; 55; 16.851; 0.010; 1.386; 2.509; 2.505; 0.487;
8; 55; 16.901; 0.010; 1.387; 2.509; 2.505; 0.489;
8; 55; 16.951; 0.010; 1.390; 2.510; 2.505; 0.487;
8; 55; 17.001; 0.010; 1.399; 2.510; 2.505; 0.489;
8; 55; 17.051; 0.010; 1.403; 2.510; 2.506; 0.488;
8; 55; 17.101; 0.010; 1.401; 2.509; 2.506; 0.488;
8; 55; 17.151; 0.010; 1.394; 2.510; 2.505; 0.488;
8; 55; 17.201; 0.010; 1.385; 2.510; 2.506; 0.489;
8; 55; 17.251; 0.010; 1.386; 2.510; 2.506; 0.488;
8; 55; 17.301; 0.010; 1.388; 2.509; 2.506; 0.489;
8; 55; 17.351; 0.010; 1.392; 2.509; 2.506; 0.489;
8; 55; 17.510; 0.010; 1.389; 2.510; 2.506; 0.490;
8; 55; 17.560; 0.010; 1.385; 2.510; 2.505; 0.489;
8; 55; 17.610; 0.010; 1.387; 2.510; 2.505; 0.490;
8; 55; 17.660; 0.010; 1.390; 2.511; 2.505; 0.489;
8; 55; 17.710; 0.010; 1.399; 2.510; 2.506; 0.490;
8; 55; 17.760; 0.010; 1.403; 2.510; 2.506; 0.491;
8; 55; 17.810; 0.010; 1.397; 2.510; 2.506; 0.491;
8; 55; 17.860; 0.010; 1.387; 2.510; 2.506; 0.490;
8; 55; 17.910; 0.010; 1.386; 2.509; 2.506; 0.490;
8; 55; 17.960; 0.010; 1.386; 2.510; 2.506; 0.493;
8; 55; 18.010; 0.010; 1.392; 2.511; 2.505; 0.491;
8; 55; 18.060; 0.010; 1.401; 2.509; 2.505; 0.491;
8; 55; 18.110; 0.010; 1.402; 2.511; 2.506; 0.492;
8; 55; 18.160; 0.010; 1.398; 2.509; 2.506; 0.492;
8; 55; 18.210; 0.010; 1.388; 2.511; 2.506; 0.492;
8; 55; 18.260; 0.010; 1.386; 2.510; 2.505; 0.492;
8; 55; 18.310; 0.010; 1.387; 2.510; 2.505; 0.492;
8; 55; 18.360; 0.010; 1.397; 2.510; 2.505; 0.493;
8; 55; 18.410; 0.010; 1.403; 2.510; 2.506; 0.492;
8; 55; 18.460; 0.010; 1.400; 2.509; 2.506; 0.493;
8; 55; 18.510; 0.010; 1.389; 2.510; 2.506; 0.494;
8; 55; 18.560; 0.010; 1.385; 2.511; 2.505; 0.492;
8; 55; 18.610; 0.010; 1.387; 2.510; 2.505; 0.494;
8; 55; 18.660; 0.010; 1.393; 2.510; 2.506; 0.493;
8; 55; 18.710; 0.010; 1.402; 2.510; 2.506; 0.494;
8; 55; 18.760; 0.010; 1.402; 2.509; 2.505; 0.493;
8; 55; 18.810; 0.010; 1.397; 2.510; 2.505; 0.494;
8; 55; 18.860; 0.010; 1.390; 2.510; 2.506; 0.494;
8; 55; 18.910; 0.010; 1.385; 2.511; 2.504; 0.494;
8; 55; 18.960; 0.010; 1.387; 2.509; 2.505; 0.494;
8; 55; 19.118; 0.000; 1.403; 2.510; 2.507; 0.495;
8; 55; 19.168; 0.000; 1.400; 2.509; 2.506; 0.496;
8; 55; 19.218; 0.000; 1.394; 2.510; 2.505; 0.495;
8; 55; 19.268; 0.000; 1.385; 2.509; 2.506; 0.496;
8; 55; 19.318; 0.000; 1.386; 2.509; 2.506; 0.495;
8; 55; 19.368; 0.000; 1.387; 2.510; 2.505; 0.497;
8; 55; 19.418; 0.000; 1.390; 2.510; 2.506; 0.496;
8; 55; 19.468; 0.000; 1.394; 2.510; 2.505; 0.497;
8; 55; 19.518; 0.000; 1.401; 2.511; 2.505; 0.496;
8; 55; 19.568; 0.000; 1.404; 2.509; 2.506; 0.497;
8; 55; 19.618; 0.000; 1.397; 2.510; 2.506; 0.497;
8; 55; 19.668; 0.000; 1.386; 2.510; 2.506; 0.497;
8; 55; 19.718; 0.000; 1.386; 2.510; 2.506; 0.497;
8; 55; 19.768; 0.000; 1.388; 2.509; 2.506; 0.497;
8; 55; 19.818; 0.000; 1.395; 2.510; 2.506; 0.498;
8; 55; 19.868; 0.000; 1.403; 2.509; 2.508; 0.498;
8; 55; 19.918; 0.000; 1.400; 2.509; 2.505; 0.498;
8; 55; 19.968; 0.000; 1.391; 2.509; 2.505; 0.499;
8; 55; 20.018; 0.000; 1.385; 2.510; 2.506; 0.499;
8; 55; 20.068; 0.000; 1.387; 2.508; 2.505; 0.498;
8; 55; 20.118; 0.000; 1.388; 2.510; 2.505; 0.499;
8; 55; 20.168; 0.000; 1.392; 2.510; 2.505; 0.499;
8; 55; 20.218; 0.000; 1.404; 2.510; 2.506; 0.499;
8; 55; 20.268; 0.000; 1.401; 2.510; 2.506; 0.499;
8; 55; 20.318; 0.000; 1.395; 2.510; 2.505; 0.500;
8; 55; 20.368; 0.000; 1.386; 2.510; 2.506; 0.499;
8; 55; 20.418; 0.000; 1.388; 2.509; 2.506; 0.500;
8; 55; 20.468; 0.000; 1.388; 2.510; 2.505; 0.500;
8; 55; 20.518; 0.000; 1.391; 2.510; 2.506; 0.500;
8; 55; 20.568; 0.000; 1.399; 2.510; 2.506; 0.501;
8; 55; 20.743; 0.010; 1.390; 2.510; 2.506; 0.501;
8; 55; 20.793; 0.010; 1.386; 2.509; 2.505; 0.499;
8; 55; 20.843; 0.010; 1.388; 2.510; 2.506; 0.502;
8; 55; 20.893; 0.010; 1.390; 2.509; 2.506; 0.502;
8; 55; 20.943; 0.010; 1.395; 2.509; 2.506; 0.501;
8; 55; 20.993; 0.010; 1.403; 2.510; 2.506; 0.502;
8; 55; 21.043; 0.010; 1.399; 2.511; 2.505; 0.502;
8; 55; 21.093; 0.010; 1.389; 2.510; 2.506; 0.502;
8; 55; 21.143; 0.010; 1.386; 2.509; 2.506; 0.501;
8; 55; 21.193; 0.010; 1.386; 2.510; 2.506; 0.503;
8; 55; 21.243; 0.010; 1.392; 2.509; 2.506; 0.502;
8; 55; 21.293; 0.010; 1.400; 2.510; 2.506; 0.502;
8; 55; 21.343; 0.010; 1.402; 2.510; 2.506; 0.503;
8; 55; 21.393; 0.010; 1.398; 2.510; 2.506; 0.502;
8; 55; 21.443; 0.010; 1.386; 2.511; 2.506; 0.502;
8; 55; 21.493; 0.010; 1.386; 2.511; 2.505; 0.503;
8; 55; 21.543; 0.010; 1.389; 2.509; 2.506; 0.503;
8; 55; 21.593; 0.010; 1.394; 2.510; 2.506; 0.504;
8; 55; 21.643; 0.010; 1.404; 2.510; 2.505; 0.504;
8; 55; 21.693; 0.010; 1.400; 2.510; 2.506; 0.504;
8; 55; 21.743; 0.010; 1.391; 2.510; 2.506; 0.504;
8; 55; 21.793; 0.010; 1.387; 2.509; 2.505; 0.503;
8; 55; 21.843; 0.010; 1.387; 2.511; 2.506; 0.505;
8; 55; 21.893; 0.010; 1.393; 2.510; 2.506; 0.505;
8; 55; 21.943; 0.010; 1.402; 2.511; 2.506; 0.504;
8; 55; 21.993; 0.010; 1.402; 2.511; 2.505; 0.505;
8; 55; 22.043; 0.010; 1.397; 2.510; 2.505; 0.505;
8; 55; 22.093; 0.010; 1.387; 2.510; 2.506; 0.505;
8; 55; 22.143; 0.010; 1.386; 2.510; 2.506; 0.505;
8; 55; 22.193; 0.010; 1.388; 2.510; 2.506; 0.505;
8; 55; 22.363; 0.020; 1.386; 2.509; 2.506; 0.506;
8; 55; 22.413; 0.020; 1.386; 2.510; 2.505; 0.506;
8; 55; 22.463; 0.020; 1.390; 2.510; 2.506; 0.507;
8; 55; 22.513; 0.020; 1.398; 2.510; 2.505; 0.507;
8; 55; 22.563; 0.020; 1.403; 2.509; 2.505; 0.507;
8; 55; 22.613; 0.020; 1.398; 2.510; 2.505; 0.507;
8; 55; 22.663; 0.020; 1.390; 2.510; 2.505; 0.507;
8; 55; 22.713; 0.020; 1.386; 2.510; 2.505; 0.507;
8; 55; 22.763; 0.020; 1.387; 2.510; 2.506; 0.508;
8; 55; 22.813; 0.020; 1.393; 2.510; 2.505; 0.507;
8; 55; 22.863; 0.020; 1.401; 2.511; 2.506; 0.507;
8; 55; 22.913; 0.020; 1.401; 2.510; 2.506; 0.507;
8; 55; 22.963; 0.020; 1.391; 2.510; 2.506; 0.508;
8; 55; 23.013; 0.020; 1.385; 2.510; 2.506; 0.507;
8; 55; 23.063; 0.020; 1.387; 2.509; 2.506; 0.508;
8; 55; 23.113; 0.020; 1.391; 2.511; 2.505; 0.509;
8; 55; 23.163; 0.020; 1.402; 2.509; 2.506; 0.508;
8; 55; 23.213; 0.020; 1.403; 2.510; 2.506; 0.508;
8; 55; 23.263; 0.020; 1.397; 2.509; 2.505; 0.508;
8; 55; 23.313; 0.020; 1.387; 2.510; 2.506; 0.509;
8; 55; 23.363; 0.020; 1.386; 2.509; 2.505; 0.510;
8; 55; 23.413; 0.020; 1.388; 2.510; 2.506; 0.509;
8; 55; 23.463; 0.020; 1.396; 2.510; 2.506; 0.510;
8; 55; 23.513; 0.020; 1.403; 2.510; 2.505; 0.509;
8; 55; 23.563; 0.020; 1.398; 2.509; 2.505; 0.510;
8; 55; 23.613; 0.020; 1.388; 2.509; 2.507; 0.510;
8; 55; 23.663; 0.020; 1.386; 2.510; 2.506; 0.510;
8; 55; 23.713; 0.020; 1.389; 2.509; 2.506; 0.510;
8; 55; 23.763; 0.020; 1.396; 2.510; 2.506; 0.511;
8; 55; 23.813; 0.020; 1.404; 2.510; 2.506; 0.510;
8; 55; 23.971; 0.000; 1.403; 2.510; 2.505; 0.511;
8; 55; 24.021; 0.000; 1.399; 2.509; 2.505; 0.511;
8; 55; 24.071; 0.000; 1.392; 2.510; 2.506; 0.512;
8; 55; 24.121; 0.000; 1.385; 2.510; 2.506; 0.513;
8; 55; 24.171; 0.000; 1.386; 2.510; 2.506; 0.511;
8; 55; 24.221; 0.000; 1.389; 2.510; 2.506; 0.512;
8; 55; 24.271; 0.000; 1.393; 2.509; 2.506; 0.513;
8; 55; 24.321; 0.000; 1.403; 2.511; 2.505; 0.512;
8; 55; 24.371; 0.000; 1.401; 2.510; 2.506; 0.513;
8; 55; 24.421; 0.000; 1.394; 2.510; 2.506; 0.512;
8; 55; 24.471; 0.000; 1.385; 2.510; 2.505; 0.514;
8; 55; 24.521; 0.000; 1.386; 2.510; 2.506; 0.511;
8; 55; 24.571; 0.000; 1.390; 2.511; 2.505; 0.514;
8; 55; 24.621; 0.000; 1.399; 2.510; 2.505; 0.513;
8; 55; 24.671; 0.000; 1.402; 2.510; 2.505; 0.513;
8; 55; 24.721; 0.000; 1.400; 2.510; 2.505; 0.513;
8; 55; 24.771; 0.000; 1.388; 2.509; 2.506; 0.513;
8; 55; 24.821; 0.000; 1.386; 2.509; 2.506; 0.513;
8; 55; 24.871; 0.000; 1.387; 2.511; 2.506; 0.515;
8; 55; 24.921; 0.000; 1.391; 2.510; 2.505; 0.514;
8; 55; 24.971; 0.000; 1.401; 2.511; 2.506; 0.514;
8; 55; 25.021; 0.000; 1.403; 2.510; 2.506; 0.515;
8; 55; 25.071; 0.000; 1.396; 2.510; 2.505; 0.514;
8; 55; 25.121; 0.000; 1.387; 2.509; 2.506; 0.514;
8; 55; 25.171; 0.000; 1.386; 2.511; 2.506; 0.515;
8; 55; 25.221; 0.000; 1.388; 2.511; 2.505; 0.516;
8; 55; 25.271; 0.000; 1.392; 2.510; 2.506; 0.515;
8; 55; 25.321; 0.000; 1.400; 2.509; 2.506; 0.515;
8; 55; 25.371; 0.000; 1.403; 2.510; 2.505; 0.516;
8; 55; 25.421; 0.000; 1.400; 2.510; 2.506; 0.515;
8; 55; 25.585;-0.010; 1.397; 2.510; 2.505; 0.516;
8; 55; 25.635;-0.010; 1.391; 2.509; 2.506; 0.516;
8; 55; 25.685;-0.010; 1.385; 2.511; 2.505; 0.518;
8; 55; 25.735;-0.010; 1.387; 2.510; 2.505; 0.516;
8; 55; 25.785;-0.010; 1.392; 2.509; 2.506; 0.517;
8; 55; 25.835;-0.010; 1.400; 2.510; 2.505; 0.518;
8; 55; 25.885;-0.010; 1.403; 2.510; 2.505; 0.517;
8; 55; 25.935;-0.010; 1.398; 2.510; 2.505; 0.518;
8; 55; 25.985;-0.010; 1.390; 2.510; 2.506; 0.517;
8; 55; 26.035;-0.010; 1.386; 2.510; 2.505; 0.518;
8; 55; 26.085;-0.010; 1.387; 2.511; 2.505; 0.519;
8; 55; 26.135;-0.010; 1.391; 2.510; 2.505; 0.517;
8; 55; 26.185;-0.010; 1.399; 2.510; 2.505; 0.518;
8; 55; 26.235;-0.010; 1.403; 2.509; 2.505; 0.518;
8; 55; 26.285;-0.010; 1.399; 2.510; 2.506; 0.519;
8; 55; 26.335;-0.010; 1.390; 2.510; 2.505; 0.519;
8; 55; 26.385;-0.010; 1.385; 2.510; 2.505; 0.519;
8; 55; 26.435;-0.010; 1.387; 2.509; 2.506; 0.520;
8; 55; 26.485;-0.010; 1.391; 2.510; 2.505; 0.519;
8; 55; 26.535;-0.010; 1.401; 2.510; 2.506; 0.519;
8; 55; 26.585;-0.010; 1.403; 2.509; 2.506; 0.519;
8; 55; 26.635;-0.010; 1.400; 2.510; 2.505; 0.520;
8; 55; 26.685;-0.010; 1.392; 2.510; 2.505; 0.520;
8; 55; 26.735;-0.010; 1.386; 2.510; 2.505; 0.520;
8; 55; 26.785;-0.010; 1.386; 2.509; 2.506; 0.520;
8; 55; 26.835;-0.010; 1.388; 2.509; 2.505; 0.520;
8; 55; 26.885;-0.010; 1.394; 2.510; 2.505; 0.520;
8; 55; 26.935;-0.010; 1.403; 2.509; 2.505; 0.521;
8; 55; 26.985;-0.010; 1.401; 2.509; 2.506; 0.521;
8; 55; 27.035;-0.010; 1.396; 2.509; 2.506; 0.521;
8; 55; 27.200;-0.020; 1.395; 2.510; 2.505; 0.521;
8; 55; 27.250;-0.020; 1.404; 2.509; 2.506; 0.521;
8; 55; 27.300;-0.020; 1.400; 2.510; 2.505; 0.521;
8; 55; 27.350;-0.020; 1.392; 2.510; 2.506; 0.521;
8; 55; 27.400;-0.020; 1.386; 2.510; 2.506; 0.522;
8; 55; 27.450;-0.020; 1.386; 2.510; 2.505; 0.523;
8; 55; 27.500;-0.020; 1.390; 2.509; 2.506; 0.522;
8; 55; 27.550;-0.020; 1.394; 2.511; 2.506; 0.523;
8; 55; 27.600;-0.020; 1.403; 2.510; 2.505; 0.523;
8; 55; 27.650;-0.020; 1.402; 2.510; 2.505; 0.523;
8; 55; 27.700;-0.020; 1.396; 2.509; 2.505; 0.523;
8; 55; 27.750;-0.020; 1.385; 2.510; 2.505; 0.523;
8; 55; 27.800;-0.020; 1.385; 2.509; 2.506; 0.522;
8; 55; 27.850;-0.020; 1.388; 2.510; 2.505; 0.523;
8; 55; 27.900;-0.020; 1.394; 2.510; 2.506; 0.524;
8; 55; 27.950;-0.020; 1.401; 2.509; 2.505; 0.524;
8; 55; 28.000;-0.020; 1.402; 2.509; 2.506; 0.524;
8; 55; 28.050;-0.020; 1.399; 2.509; 2.506; 0.524;
8; 55; 28.100;-0.020; 1.392; 2.510; 2.505; 0.524;
8; 55; 28.150;-0.020; 1.386; 2.510; 2.505; 0.525;
8; 55; 28.200;-0.020; 1.386; 2.509; 2.506; 0.524;
8; 55; 28.250;-0.020; 1.389; 2.509; 2.505; 0.524;
8; 55; 28.300;-0.020; 1.395; 2.510; 2.506; 0.525;
8; 55; 28.350;-0.020; 1.403; 2.511; 2.505; 0.525;
8; 55; 28.400;-0.020; 1.402; 2.510; 2.505; 0.525;
8; 55; 28.450;-0.020; 1.395; 2.510; 2.505; 0.525;
8; 55; 28.500;-0.020; 1.386; 2.510; 2.506; 0.526;
8; 55; 28.550;-0.020; 1.387; 2.510; 2.505; 0.524;
8; 55; 28.600;-0.020; 1.391; 2.510; 2.505; 0.525;
8; 55; 28.650;-0.020; 1.400; 2.510; 2.505; 0.525;
8; 55; 28.813; 0.000; 1.357; 2.510; 2.506; 0.526;
8; 55; 28.863; 0.000; 1.374; 2.508; 2.505; 0.527;
8; 55; 28.913; 0.000; 1.382; 2.511; 2.506; 0.527;
8; 55; 28.963; 0.000; 1.381; 2.510; 2.505; 0.527;
8; 55; 29.013; 0.000; 1.366; 2.509; 2.505; 0.527;
8; 55; 29.063; 0.000; 1.366; 2.510; 2.505; 0.527;
8; 55; 29.113; 0.000; 1.370; 2.509; 2.505; 0.528;
8; 55; 29.163; 0.000; 1.380; 2.510; 2.505; 0.528;
8; 55; 29.213; 0.000; 1.386; 2.511; 2.505; 0.527;
8; 55; 29.263; 0.000; 1.381; 2.510; 2.506; 0.528;
8; 55; 29.313; 0.000; 1.368; 2.512; 2.504; 0.528;
8; 55; 29.363; 0.000; 1.367; 2.510; 2.506; 0.528;
8; 55; 29.413; 0.000; 1.368; 2.510; 2.505; 0.529;
8; 55; 29.463; 0.000; 1.382; 2.510; 2.506; 0.529;
8; 55; 29.513; 0.000; 1.386; 2.510; 2.505; 0.529;
8; 55; 29.563; 0.000; 1.379; 2.510; 2.506; 0.528;
8; 55; 29.613; 0.000; 1.369; 2.509; 2.506; 0.529;
8; 55; 29.663; 0.000; 1.369; 2.510; 2.505; 0.528;
8; 55; 29.713; 0.000; 1.368; 2.511; 2.505; 0.528;
8; 55; 29.763; 0.000; 1.373; 2.511; 2.505; 0.531;
8; 55; 29.813; 0.000; 1.388; 2.509; 2.506; 0.529;
8; 55; 29.863; 0.000; 1.385; 2.510; 2.505; 0.529;
8; 55; 29.913; 0.000; 1.374; 2.511; 2.505; 0.530;
8; 55; 29.963; 0.000; 1.366; 2.511; 2.504; 0.529;
8; 55; 30.013; 0.000; 1.367; 2.512; 2.504; 0.530;
8; 55; 30.063; 0.000; 1.371; 2.509; 2.505; 0.530;
8; 55; 30.113; 0.000; 1.374; 2.510; 2.505; 0.531;
8; 55; 30.163; 0.000; 1.389; 2.511; 2.505; 0.530;
8; 55; 30.213; 0.000; 1.386; 2.510; 2.505; 0.531;
8; 55; 30.263; 0.000; 1.381; 2.509; 2.506; 0.531;
8; 55; 30.427; 0.000; 1.371; 2.510; 2.505; 0.531;
8; 55; 30.477; 0.000; 1.383; 2.510; 2.505; 0.531;
8; 55; 30.527; 0.000; 1.387; 2.510; 2.506; 0.531;
8; 55; 30.577; 0.000; 1.380; 2.510; 2.505; 0.532;
8; 55; 30.627; 0.000; 1.367; 2.510; 2.506; 0.532;
8; 55; 30.677; 0.000; 1.367; 2.509; 2.506; 0.532;
8; 55; 30.727; 0.000; 1.370; 2.510; 2.506; 0.533;
8; 55; 30.777; 0.000; 1.377; 2.510; 2.506; 0.532;
8; 55; 30.827; 0.000; 1.388; 2.510; 2.505; 0.532;
8; 55; 30.877; 0.000; 1.385; 2.510; 2.505; 0.532;
8; 55; 30.927; 0.000; 1.377; 2.509; 2.506; 0.533;
8; 55; 30.977; 0.000; 1.368; 2.511; 2.505; 0.533;
8; 55; 31.027; 0.000; 1.368; 2.510; 2.506; 0.534;
8; 55; 31.077; 0.000; 1.370; 2.511; 2.505; 0.533;
8; 55; 31.127; 0.000; 1.383; 2.509; 2.505; 0.534;
8; 55; 31.177; 0.000; 1.386; 2.510; 2.506; 0.534;
8; 55; 31.227; 0.000; 1.383; 2.510; 2.506; 0.534;
8; 55; 31.277; 0.000; 1.370; 2.509; 2.507; 0.534;
8; 55; 31.327; 0.000; 1.368; 2.510; 2.505; 0.535;
8; 55; 31.377; 0.000; 1.369; 2.510; 2.505; 0.534;
8; 55; 31.427; 0.000; 1.379; 2.510; 2.505; 0.535;
8; 55; 31.477; 0.000; 1.387; 2.510; 2.505; 0.535;
8; 55; 31.527; 0.000; 1.380; 2.510; 2.505; 0.535;
8; 55; 31.577; 0.000; 1.367; 2.510; 2.506; 0.535;
8; 55; 31.627; 0.000; 1.369; 2.511; 2.505; 0.535;
8; 55; 31.677; 0.000; 1.372; 2.508; 2.507; 0.535;
8; 55; 31.727; 0.000; 1.386; 2.510; 2.505; 0.536;
8; 55; 31.777; 0.000; 1.385; 2.512; 2.504; 0.536;
8; 55; 31.827; 0.000; 1.379; 2.511; 2.506; 0.536;
8; 55; 31.877; 0.000; 1.367; 2.510; 2.505; 0.536;
8; 55; 32.041; 0.000; 1.368; 2.510; 2.504; 0.535;
8; 55; 32.091; 0.000; 1.369; 2.509; 2.505; 0.536;
8; 55; 32.141; 0.000; 1.379; 2.510; 2.505; 0.537;
8; 55; 32.191; 0.000; 1.386; 2.511; 2.505; 0.537;
8; 55; 32.241; 0.000; 1.384; 2.510; 2.506; 0.537;
8; 55; 32.291; 0.000; 1.372; 2.510; 2.505; 0.537;
8; 55; 32.341; 0.000; 1.368; 2.509; 2.505; 0.538;
8; 55; 32.391; 0.000; 1.369; 2.510; 2.505; 0.537;
8; 55; 32.441; 0.000; 1.376; 2.509; 2.505; 0.537;
8; 55; 32.491; 0.000; 1.387; 2.510; 2.506; 0.538;
8; 55; 32.541; 0.000; 1.385; 2.510; 2.505; 0.537;
8; 55; 32.591; 0.000; 1.373; 2.509; 2.506; 0.539;
8; 55; 32.641; 0.000; 1.367; 2.509; 2.505; 0.537;
8; 55; 32.691; 0.000; 1.367; 2.510; 2.505; 0.539;
8; 55; 32.741; 0.000; 1.371; 2.510; 2.506; 0.538;
8; 55; 32.791; 0.000; 1.389; 2.511; 2.505; 0.539;
8; 55; 32.841; 0.000; 1.383; 2.510; 2.506; 0.539;
8; 55; 32.891; 0.000; 1.374; 2.511; 2.505; 0.539;
8; 55; 32.941; 0.000; 1.367; 2.509; 2.505; 0.539;
8; 55; 32.991; 0.000; 1.367; 2.510; 2.505; 0.539;
8; 55; 33.041; 0.000; 1.383; 2.509; 2.506; 0.539;
8; 55; 33.091; 0.000; 1.388; 2.509; 2.505; 0.539;
8; 55; 33.141; 0.000; 1.384; 2.510; 2.505; 0.540;
8; 55; 33.191; 0.000; 1.367; 2.510; 2.505; 0.540;
8; 55; 33.241; 0.000; 1.367; 2.510; 2.506; 0.539;
8; 55; 33.291; 0.000; 1.371; 2.510; 2.505; 0.540;
8; 55; 33.341; 0.000; 1.378; 2.511; 2.506; 0.540;
8; 55; 33.391; 0.000; 1.387; 2.510; 2.505; 0.540;
8; 55; 33.441; 0.000; 1.380; 2.509; 2.506; 0.540;
8; 55; 33.491; 0.000; 1.368; 2.509; 2.506; 0.541;
8; 55; 33.650; 0.000; 1.373; 2.510; 2.506; 0.541;
8; 55; 33.700; 0.000; 1.367; 2.509; 2.505; 0.541;
8; 55; 33.750; 0.000; 1.369; 2.510; 2.505; 0.541;
8; 55; 33.800; 0.000; 1.383; 2.510; 2.506; 0.542;
8; 55; 33.850; 0.000; 1.386; 2.511; 2.504; 0.542;
8; 55; 33.900; 0.000; 1.371; 2.510; 2.506; 0.542;
8; 55; 33.950; 0.000; 1.367; 2.509; 2.505; 0.542;
8; 55; 34.000; 0.000; 1.369; 2.510; 2.505; 0.542;
8; 55; 34.050; 0.000; 1.383; 2.510; 2.506; 0.542;
8; 55; 34.100; 0.000; 1.384; 2.511; 2.505; 0.542;
8; 55; 34.150; 0.000; 1.369; 2.510; 2.505; 0.543;
8; 55; 34.200; 0.000; 1.367; 2.509; 2.506; 0.542;
8; 55; 34.250; 0.000; 1.371; 2.510; 2.506; 0.543;
8; 55; 34.300; 0.000; 1.386; 2.510; 2.506; 0.543;
8; 55; 34.350; 0.000; 1.384; 2.510; 2.506; 0.543;
8; 55; 34.400; 0.000; 1.368; 2.510; 2.506; 0.544;
8; 55; 34.450; 0.000; 1.367; 2.511; 2.506; 0.543;
8; 55; 34.500; 0.000; 1.369; 2.508; 2.505; 0.544;
8; 55; 34.550; 0.000; 1.383; 2.509; 2.505; 0.544;
8; 55; 34.600; 0.000; 1.387; 2.509; 2.505; 0.544;
8; 55; 34.650; 0.000; 1.382; 2.510; 2.506; 0.544;
8; 55; 34.700; 0.000; 1.367; 2.510; 2.506; 0.545;
8; 55; 34.750; 0.000; 1.367; 2.509; 2.506; 0.543;
8; 55; 34.800; 0.000; 1.369; 2.509; 2.505; 0.545;
8; 55; 34.850; 0.000; 1.384; 2.511; 2.505; 0.544;
8; 55; 34.900; 0.000; 1.386; 2.510; 2.505; 0.545;
8; 55; 34.950; 0.000; 1.384; 2.509; 2.505; 0.545;
8; 55; 35.000; 0.000; 1.373; 2.509; 2.506; 0.545;
8; 55; 35.050; 0.000; 1.366; 2.510; 2.504; 0.546;
8; 55; 35.100; 0.000; 1.368; 2.509; 2.506; 0.544;
8; 55; 35.287; 0.000; 1.367; 2.510; 2.506; 0.545;
8; 55; 35.337; 0.000; 1.367; 2.509; 2.506; 0.545;
8; 55; 35.387; 0.000; 1.369; 2.510; 2.505; 0.546;
8; 55; 35.437; 0.000; 1.378; 2.509; 2.506; 0.547;
8; 55; 35.487; 0.000; 1.387; 2.509; 2.505; 0.546;
8; 55; 35.537; 0.000; 1.385; 2.510; 2.505; 0.547;
8; 55; 35.587; 0.000; 1.375; 2.509; 2.504; 0.547;
8; 55; 35.637; 0.000; 1.368; 2.509; 2.505; 0.546;
8; 55; 35.687; 0.000; 1.369; 2.509; 2.506; 0.546;
8; 55; 35.737; 0.000; 1.368; 2.510; 2.505; 0.547;
8; 55; 35.787; 0.000; 1.374; 2.510; 2.505; 0.547;
8; 55; 35.837; 0.000; 1.389; 2.509; 2.505; 0.547;
8; 55; 35.887; 0.000; 1.384; 2.511; 2.505; 0.548;
8; 55; 35.937; 0.000; 1.375; 2.510; 2.506; 0.547;
8; 55; 35.987; 0.000; 1.368; 2.510; 2.505; 0.547;
8; 55; 36.037; 0.000; 1.368; 2.510; 2.506; 0.549;
8; 55; 36.087; 0.000; 1.371; 2.510; 2.506; 0.547;
8; 55; 36.137; 0.000; 1.385; 2.510; 2.506; 0.548;
8; 55; 36.187; 0.000; 1.384; 2.511; 2.506; 0.549;
8; 55; 36.237; 0.000; 1.376; 2.510; 2.506; 0.549;
8; 55; 36.287; 0.000; 1.367; 2.509; 2.506; 0.548;
8; 55; 36.337; 0.000; 1.367; 2.510; 2.505; 0.549;
8; 55; 36.387; 0.000; 1.372; 2.511; 2.505; 0.548;
8; 55; 36.437; 0.000; 1.386; 2.510; 2.506; 0.549;
8; 55; 36.487; 0.000; 1.387; 2.511; 2.507; 0.549;
8; 55; 36.537; 0.000; 1.383; 2.510; 2.506; 0.549;
8; 55; 36.587; 0.000; 1.367; 2.510; 2.506; 0.550;
8; 55; 36.637; 0.000; 1.368; 2.510; 2.506; 0.549;
8; 55; 36.687; 0.000; 1.369; 2.510; 2.506; 0.550;
8; 55; 36.737; 0.000; 1.380; 2.510; 2.504; 0.550;
8; 55; 36.898; 0.020; 1.375; 2.510; 2.506; 0.551;
8; 55; 36.948; 0.020; 1.386; 2.510; 2.505; 0.550;
8; 55; 36.998; 0.020; 1.383; 2.508; 2.507; 0.550;
8; 55; 37.048; 0.020; 1.369; 2.506; 2.509; 0.549;
8; 55; 37.098; 0.020; 1.366; 2.511; 2.504; 0.552;
8; 55; 37.148; 0.020; 1.372; 2.509; 2.506; 0.550;
8; 55; 37.198; 0.020; 1.386; 2.510; 2.506; 0.552;
8; 55; 37.248; 0.020; 1.385; 2.510; 2.506; 0.551;
8; 55; 37.298; 0.020; 1.379; 2.510; 2.505; 0.552;
8; 55; 37.348; 0.020; 1.368; 2.507; 2.508; 0.551;
8; 55; 37.398; 0.020; 1.372; 2.510; 2.506; 0.550;
8; 55; 37.448; 0.020; 1.392; 2.511; 2.506; 0.552;
8; 55; 37.498; 0.020; 1.401; 2.510; 2.505; 0.552;
8; 55; 37.548; 0.020; 1.401; 2.510; 2.506; 0.552;
8; 55; 37.598; 0.020; 1.391; 2.510; 2.506; 0.553;
8; 55; 37.648; 0.020; 1.386; 2.509; 2.505; 0.552;
8; 55; 37.698; 0.020; 1.388; 2.510; 2.506; 0.552;
8; 55; 37.748; 0.020; 1.394; 2.509; 2.506; 0.553;
8; 55; 37.798; 0.020; 1.403; 2.510; 2.506; 0.553;
8; 55; 37.848; 0.020; 1.401; 2.510; 2.506; 0.553;
8; 55; 37.898; 0.020; 1.394; 2.509; 2.506; 0.553;
8; 55; 37.948; 0.020; 1.385; 2.510; 2.506; 0.553;
8; 55; 37.998; 0.020; 1.386; 2.510; 2.505; 0.554;
8; 55; 38.048; 0.020; 1.389; 2.510; 2.505; 0.553;
8; 55; 38.098; 0.020; 1.395; 2.510; 2.506; 0.554;
8; 55; 38.148; 0.020; 1.403; 2.510; 2.506; 0.554;
8; 55; 38.198; 0.020; 1.401; 2.510; 2.504; 0.554;
8; 55; 38.248; 0.020; 1.394; 2.509; 2.506; 0.554;
8; 55; 38.298; 0.020; 1.387; 2.511; 2.505; 0.555;
8; 55; 38.348; 0.020; 1.387; 2.509; 2.505; 0.553;
8; 55; 38.514; 0.020; 1.396; 2.511; 2.505; 0.555;
8; 55; 38.564; 0.020; 1.389; 2.509; 2.505; 0.554;
8; 55; 38.614; 0.020; 1.386; 2.511; 2.505; 0.555;
8; 55; 38.664; 0.020; 1.388; 2.510; 2.506; 0.556;
8; 55; 38.714; 0.020; 1.393; 2.510; 2.505; 0.556;
8; 55; 38.764; 0.020; 1.403; 2.510; 2.506; 0.555;
8; 55; 38.814; 0.020; 1.402; 2.510; 2.505; 0.557;
8; 55; 38.864; 0.020; 1.397; 2.509; 2.505; 0.556;
8; 55; 38.914; 0.020; 1.388; 2.509; 2.506; 0.556;
8; 55; 38.964; 0.020; 1.386; 2.510; 2.505; 0.556;
8; 55; 39.014; 0.020; 1.387; 2.509; 2.505; 0.557;
8; 55; 39.064; 0.020; 1.390; 2.509; 2.505; 0.557;
8; 55; 39.114; 0.020; 1.396; 2.509; 2.505; 0.556;
8; 55; 39.164; 0.020; 1.404; 2.511; 2.505; 0.557;
8; 55; 39.214; 0.020; 1.402; 2.510; 2.505; 0.557;
8; 55; 39.264; 0.020; 1.397; 2.510; 2.506; 0.557;
8; 55; 39.314; 0.020; 1.386; 2.510; 2.506; 0.557;
8; 55; 39.364; 0.020; 1.386; 2.510; 2.505; 0.557;
8; 55; 39.414; 0.020; 1.387; 2.511; 2.505; 0.558;
8; 55; 39.464; 0.020; 1.390; 2.510; 2.506; 0.558;
8; 55; 39.514; 0.020; 1.396; 2.509; 2.505; 0.558;
8; 55; 39.564; 0.020; 1.403; 2.510; 2.505; 0.559;
8; 55; 39.614; 0.020; 1.402; 2.510; 2.505; 0.558;
8; 55; 39.664; 0.020; 1.398; 2.510; 2.505; 0.558;
8; 55; 39.714; 0.020; 1.390; 2.510; 2.505; 0.558;
8; 55; 39.764; 0.020; 1.387; 2.508; 2.506; 0.558;
8; 55; 39.814; 0.020; 1.387; 2.510; 2.505; 0.559;
8; 55; 39.864; 0.020; 1.390; 2.511; 2.505; 0.559;
8; 55; 39.914; 0.020; 1.396; 2.510; 2.505; 0.559;
8; 55; 39.964; 0.020; 1.403; 2.510; 2.505; 0.559;
8; 55; 40.126; 0.000; 1.396; 2.510; 2.506; 0.560;
8; 55; 40.176; 0.000; 1.386; 2.510; 2.506; 0.560;
8; 55; 40.226; 0.000; 1.386; 2.509; 2.505; 0.559;
8; 55; 40.276; 0.000; 1.388; 2.509; 2.505; 0.559;
8; 55; 40.326; 0.000; 1.393; 2.510; 2.506; 0.560;
8; 55; 40.376; 0.000; 1.402; 2.510; 2.505; 0.561;
8; 55; 40.426; 0.000; 1.401; 2.510; 2.506; 0.560;
8; 55; 40.476; 0.000; 1.395; 2.510; 2.505; 0.561;
8; 55; 40.526; 0.000; 1.389; 2.509; 2.506; 0.561;
8; 55; 40.576; 0.000; 1.385; 2.510; 2.505; 0.561;
8; 55; 40.626; 0.000; 1.386; 2.509; 2.505; 0.560;
8; 55; 40.676; 0.000; 1.388; 2.510; 2.506; 0.562;
8; 55; 40.726; 0.000; 1.389; 2.510; 2.505; 0.561;
8; 55; 40.776; 0.000; 1.392; 2.510; 2.506; 0.561;
8; 55; 40.826; 0.000; 1.398; 2.509; 2.506; 0.561;
8; 55; 40.876; 0.000; 1.404; 2.510; 2.505; 0.561;
8; 55; 40.926; 0.000; 1.401; 2.510; 2.505; 0.562;
8; 55; 40.976; 0.000; 1.400; 2.509; 2.506; 0.562;
8; 55; 41.026; 0.000; 1.393; 2.510; 2.505; 0.562;
8; 55; 41.076; 0.000; 1.386; 2.510; 2.506; 0.562;
8; 55; 41.126; 0.000; 1.386; 2.509; 2.506; 0.562;
8; 55; 41.176; 0.000; 1.389; 2.509; 2.506; 0.563;
8; 55; 41.226; 0.000; 1.392; 2.510; 2.505; 0.562;
8; 55; 41.276; 0.000; 1.401; 2.510; 2.506; 0.563;
8; 55; 41.326; 0.000; 1.402; 2.510; 2.505; 0.563;
8; 55; 41.376; 0.000; 1.399; 2.510; 2.506; 0.563;
8; 55; 41.426; 0.000; 1.394; 2.509; 2.506; 0.563;
8; 55; 41.476; 0.000; 1.386; 2.509; 2.505; 0.564;
8; 55; 41.526; 0.000; 1.387; 2.510; 2.505; 0.563;
8; 55; 41.576; 0.000; 1.388; 2.509; 2.505; 0.564;
8; 55; 41.746; 0.000; 1.397; 2.510; 2.505; 0.565;
8; 55; 41.796; 0.000; 1.390; 2.509; 2.506; 0.564;
8; 55; 41.846; 0.000; 1.386; 2.510; 2.505; 0.564;
8; 55; 41.896; 0.000; 1.387; 2.509; 2.505; 0.565;
8; 55; 41.946; 0.000; 1.387; 2.510; 2.505; 0.565;
8; 55; 41.996; 0.000; 1.389; 2.510; 2.505; 0.565;
8; 55; 42.046; 0.000; 1.394; 2.510; 2.505; 0.565;
8; 55; 42.096; 0.000; 1.404; 2.510; 2.505; 0.565;
8; 55; 42.146; 0.000; 1.403; 2.509; 2.507; 0.565;
8; 55; 42.196; 0.000; 1.397; 2.510; 2.505; 0.565;
8; 55; 42.246; 0.000; 1.391; 2.511; 2.505; 0.566;
8; 55; 42.296; 0.000; 1.386; 2.510; 2.506; 0.566;
8; 55; 42.346; 0.000; 1.385; 2.510; 2.505; 0.567;
8; 55; 42.396; 0.000; 1.386; 2.509; 2.505; 0.566;
8; 55; 42.446; 0.000; 1.387; 2.509; 2.506; 0.567;
8; 55; 42.496; 0.000; 1.391; 2.510; 2.505; 0.565;
8; 55; 42.546; 0.000; 1.397; 2.510; 2.505; 0.566;
8; 55; 42.596; 0.000; 1.404; 2.511; 2.505; 0.567;
8; 55; 42.646; 0.000; 1.403; 2.509; 2.507; 0.567;
8; 55; 42.696; 0.000; 1.402; 2.510; 2.504; 0.566;
8; 55; 42.746; 0.000; 1.400; 2.511; 2.505; 0.567;
8; 55; 42.796; 0.000; 1.395; 2.511; 2.505; 0.568;
8; 55; 42.846; 0.000; 1.386; 2.510; 2.506; 0.567;
8; 55; 42.896; 0.000; 1.385; 2.510; 2.506; 0.568;
8; 55; 42.946; 0.000; 1.386; 2.510; 2.505; 0.566;
8; 55; 42.996; 0.000; 1.388; 2.511; 2.506; 0.568;
8; 55; 43.046; 0.000; 1.390; 2.510; 2.504; 0.567;
8; 55; 43.096; 0.000; 1.396; 2.510; 2.505; 0.568;
8; 55; 43.146; 0.000; 1.403; 2.510; 2.505; 0.568;
8; 55; 43.196; 0.000; 1.402; 2.510; 2.506; 0.568;
8; 55; 43.414; 0.000; 1.400; 2.510; 2.505; 0.569;
8; 55; 43.464; 0.000; 1.395; 2.509; 2.506; 0.569;
8; 55; 43.514; 0.000; 1.386; 2.511; 2.505; 0.569;
8; 55; 43.564; 0.000; 1.386; 2.510; 2.505; 0.570;
8; 55; 43.614; 0.000; 1.386; 2.510; 2.506; 0.570;
8; 55; 43.664; 0.000; 1.387; 2.510; 2.505; 0.570;
8; 55; 43.714; 0.000; 1.391; 2.509; 2.505; 0.568;
8; 55; 43.764; 0.000; 1.395; 2.510; 2.505; 0.570;
8; 55; 43.814; 0.000; 1.401; 2.510; 2.505; 0.570;
8; 55; 43.864; 0.000; 1.404; 2.510; 2.505; 0.569;
8; 55; 43.914; 0.000; 1.402; 2.510; 2.506; 0.570;
8; 55; 43.964; 0.000; 1.399; 2.511; 2.506; 0.571;
8; 55; 44.014; 0.000; 1.395; 2.510; 2.506; 0.571;
8; 55; 44.064; 0.000; 1.387; 2.509; 2.506; 0.570;
8; 55; 44.114; 0.000; 1.386; 2.511; 2.506; 0.571;
8; 55; 44.164; 0.000; 1.387; 2.510; 2.505; 0.570;
8; 55; 44.214; 0.000; 1.389; 2.508; 2.506; 0.571;
8; 55; 44.264; 0.000; 1.392; 2.510; 2.505; 0.571;
8; 55; 44.314; 0.000; 1.399; 2.509; 2.506; 0.571;
8; 55; 44.364; 0.000; 1.403; 2.510; 2.505; 0.571;
8; 55; 44.414; 0.000; 1.401; 2.510; 2.506; 0.572;
8; 55; 44.464; 0.000; 1.395; 2.510; 2.506; 0.572;
8; 55; 44.514; 0.000; 1.384; 2.512; 2.503; 0.573;
8; 55; 44.564; 0.000; 1.388; 2.508; 2.507; 0.570;
8; 55; 44.614; 0.000; 1.387; 2.510; 2.505; 0.573;
8; 55; 44.664; 0.000; 1.390; 2.510; 2.505; 0.571;
8; 55; 44.714; 0.000; 1.397; 2.509; 2.506; 0.571;
8; 55; 44.764; 0.000; 1.403; 2.510; 2.504; 0.573;
8; 55; 44.814; 0.000; 1.403; 2.509; 2.505; 0.572;
8; 55; 44.864; 0.000; 1.400; 2.511; 2.506; 0.574;
8; 55; 45.026; 0.000; 1.400; 2.510; 2.505; 0.573;
8; 55; 45.076; 0.000; 1.396; 2.509; 2.505; 0.573;
8; 55; 45.126; 0.000; 1.386; 2.510; 2.505; 0.573;
8; 55; 45.176; 0.000; 1.386; 2.510; 2.506; 0.572;
8; 55; 45.226; 0.000; 1.388; 2.508; 2.506; 0.574;
8; 55; 45.276; 0.000; 1.390; 2.510; 2.505; 0.573;
8; 55; 45.326; 0.000; 1.395; 2.510; 2.505; 0.574;
8; 55; 45.376; 0.000; 1.403; 2.510; 2.505; 0.574;
8; 55; 45.426; 0.000; 1.401; 2.511; 2.505; 0.575;
8; 55; 45.476; 0.000; 1.396; 2.509; 2.505; 0.574;
8; 55; 45.526; 0.000; 1.388; 2.510; 2.506; 0.574;
8; 55; 45.576; 0.000; 1.386; 2.511; 2.505; 0.575;
8; 55; 45.626; 0.000; 1.388; 2.510; 2.506; 0.575;
8; 55; 45.676; 0.000; 1.390; 2.510; 2.505; 0.575;
8; 55; 45.726; 0.000; 1.394; 2.510; 2.505; 0.575;
8; 55; 45.776; 0.000; 1.399; 2.510; 2.505; 0.575;
8; 55; 45.826; 0.000; 1.404; 2.509; 2.506; 0.575;
8; 55; 45.876; 0.000; 1.401; 2.511; 2.506; 0.575;
8; 55; 45.926; 0.000; 1.399; 2.510; 2.506; 0.576;
8; 55; 45.976; 0.000; 1.395; 2.510; 2.505; 0.575;
8; 55; 46.026; 0.000; 1.391; 2.510; 2.505; 0.576;
8; 55; 46.076; 0.000; 1.386; 2.510; 2.505; 0.576;
8; 55; 46.126; 0.000; 1.386; 2.509; 2.506; 0.575;
8; 55; 46.176; 0.000; 1.388; 2.510; 2.506; 0.576;
8; 55; 46.226; 0.000; 1.389; 2.510; 2.505; 0.576;
8; 55; 46.276; 0.000; 1.395; 2.509; 2.506; 0.576;
8; 55; 46.326; 0.000; 1.403; 2.510; 2.505; 0.577;
8; 55; 46.376; 0.000; 1.402; 2.509; 2.506; 0.576;
8; 55; 46.426; 0.000; 1.398; 2.510; 2.505; 0.577;
8; 55; 46.476; 0.000; 1.392; 2.510; 2.505; 0.576;
